,name,album,release_date,track_number,id,uri,acousticness,danceability,energy,instrumentalness,liveness,loudness,speechiness,valence,popularity,duration_ms
0,Welcome To New York (Taylor's Version),1989 (Taylor's Version) [Deluxe],10/27/2023,1,4WUepByoeqcedHoYhSNHRt,spotify:track:4WUepByoeqcedHoYhSNHRt,0.00942,0.757,0.61,3.66E-05,0.367,-4.84,0.0327,0.685,72,212600
1,Blank Space (Taylor's Version),1989 (Taylor's Version) [Deluxe],10/27/2023,2,0108kcWLnn2HlH2kedi1gn,spotify:track:0108kcWLnn2HlH2kedi1gn,0.0885,0.733,0.733,0,0.168,-5.376,0.067,0.701,73,231833
2,Style (Taylor's Version),1989 (Taylor's Version) [Deluxe],10/27/2023,3,3Vpk1hfMAQme8VJ0SNRSkd,spotify:track:3Vpk1hfMAQme8VJ0SNRSkd,0.000421,0.511,0.822,0.0197,0.0899,-4.785,0.0397,0.305,74,231000
3,Out Of The Woods (Taylor's Version),1989 (Taylor's Version) [Deluxe],10/27/2023,4,1OcSfkeCg9hRC2sFKB4IMJ,spotify:track:1OcSfkeCg9hRC2sFKB4IMJ,0.000537,0.545,0.885,5.59E-05,0.385,-5.968,NA,0.206,73,235800
4,All You Had To Do Was Stay (Taylor's Version),1989 (Taylor's Version) [Deluxe],10/27/2023,5,2k0ZEeAqzvYMcx9Qt5aClQ,spotify:track:2k0ZEeAqzvYMcx9Qt5aClQ,0.000656,0.588,0.721,0,0.131,-5.579,0.0317,0.52,72,193289
5,Shake It Off (Taylor's Version),1989 (Taylor's Version) [Deluxe],10/27/2023,6,50yNTF0Od55qnHLxYsA5Pw,spotify:track:50yNTF0Od55qnHLxYsA5Pw,0.0121,0.636,0.808,2.18E-05,0.359,-5.693,0.0729,0.917,71,219209
6,I Wish You Would (Taylor's Version),1989 (Taylor's Version) [Deluxe],10/27/2023,7,3FxJDucHWdw6caWTKO5b23,spotify:track:3FxJDucHWdw6caWTKO5b23,0.00354,0.67,0.858,1.25E-05,0.0687,-6.528,0.0439,0.539,71,207650
7,Bad Blood (Taylor's Version),1989 (Taylor's Version) [Deluxe],10/27/2023,8,7oZONwFiFIErZcXAtTu7FY,spotify:track:7oZONwFiFIErZcXAtTu7FY,NA,0.618,0.683,0,0.305,-6.438,0.194,0.363,70,211103
8,Wildest Dreams (Taylor's Version),1989 (Taylor's Version) [Deluxe],10/27/2023,9,27exgla7YBw9DUNNcTIpjy,spotify:track:27exgla7YBw9DUNNcTIpjy,0.0436,0.589,0.674,7.18E-05,0.112,-7.48,0.0656,0.514,72,220433
9,How You Get The Girl (Taylor's Version),1989 (Taylor's Version) [Deluxe],10/27/2023,10,733OhaXQIHY7BKtY3vnSkn,spotify:track:733OhaXQIHY7BKtY3vnSkn,0.00196,0.758,0.691,1.09E-05,0.0939,-5.798,0.0515,0.538,71,247533
10,This Love (Taylor’s Version),1989 (Taylor's Version) [Deluxe],10/27/2023,11,4WBEj8TeGtRPNJdOmT3WJW,spotify:track:4WBEj8TeGtRPNJdOmT3WJW,0.316,0.471,0.509,0,0.0673,-8.796,0.0355,0.0567,70,250100
11,I Know Places (Taylor's Version),1989 (Taylor's Version) [Deluxe],10/27/2023,12,1ULabO0PEsdJekqVH6G10G,spotify:track:1ULabO0PEsdJekqVH6G10G,0.0999,0.582,0.788,0,0.115,NA,0.0445,0.652,71,195700
12,Clean (Taylor's Version),1989 (Taylor's Version) [Deluxe],10/27/2023,13,0lKUBmEyQfzsQHozyeXzES,spotify:track:0lKUBmEyQfzsQHozyeXzES,0.25,0.772,0.391,2.92E-05,0.0981,-8.892,0.0293,0.258,71,271000
13,Wonderland (Taylor's Version),1989 (Taylor's Version) [Deluxe],10/27/2023,14,6HRsJu8vcnzYDN4t0570FY,spotify:track:6HRsJu8vcnzYDN4t0570FY,0.00976,0.464,0.705,2.61E-05,0.209,-5.97,0.0434,0.385,71,245566
14,You Are In Love (Taylor's Version),1989 (Taylor's Version) [Deluxe],10/27/2023,15,0TyGh27YQ5LknmiDhCzJiT,spotify:track:0TyGh27YQ5LknmiDhCzJiT,0.61,0.363,0.498,3.91E-06,0.112,-9.473,0.0755,0.477,71,267389
15,New Romantics (Taylor's Version),1989 (Taylor's Version) [Deluxe],10/27/2023,16,5M787RexsAiVYjQusM98CV,spotify:track:5M787RexsAiVYjQusM98CV,0.00675,0.649,0.846,4.63E-06,0.0824,-5.958,3,0.698,72,230177
16,"""Slut!"" (Taylor's Version) (From The Vault)",1989 (Taylor's Version) [Deluxe],10/27/2023,17,0CD7DzeCsuPJygddqlUVYa,spotify:track:0CD7DzeCsuPJygddqlUVYa,0.309,0.591,0.412,0.000199,0.0608,-13.27,0.0863,0.328,76,180381
17,Say Don't Go (Taylor's Version) (From The Vault),1989 (Taylor's Version) [Deluxe],10/27/2023,18,3CCRVu4F91Qp2mnGjmWBrf,spotify:track:3CCRVu4F91Qp2mnGjmWBrf,0.066,0.633,0.551,9.94E-06,0.127,-8.297,0.0341,0.164,76,279833
18,Now That We Don't Talk (Taylor's Version) (From The Vault),1989 (Taylor's Version) [Deluxe],10/27/2023,19,5QUIK7ZtziW8kGWo8RqopF,spotify:track:5QUIK7ZtziW8kGWo8RqopF,0.16,0.8,0.501,7.14E-05,0.0874,-9.332,0.034,0.0831,77,146436
19,Suburban Legends (Taylor's Version) (From The Vault),1989 (Taylor's Version) [Deluxe],10/27/2023,20,6M9ppdfFjR1AbpUl3Y8DcV,spotify:track:6M9ppdfFjR1AbpUl3Y8DcV,0.207,0.701,0.625,0,0.105,-8.804,0.036,0.323,74,171818
20,Is It Over Now? (Taylor's Version) (From The Vault),1989 (Taylor's Version) [Deluxe],10/27/2023,21,6IG3sQ8s9nfk6TUlVzRhbN,spotify:track:6IG3sQ8s9nfk6TUlVzRhbN,0.041,0.595,0.656,0,0.122,-7.343,0.037,0.191,80,229477
21,Bad Blood (feat. Kendrick Lamar) (Taylor's Version),1989 (Taylor's Version) [Deluxe],10/27/2023,22,6qAcApH8obo8eqatCKUHd9,spotify:track:6qAcApH8obo8eqatCKUHd9,0.0104,NA,0.648,0,0.217,-6.905,5,0.174,78,199773
22,Welcome To New York (Taylor's Version),1989 (Taylor's Version),10/26/2023,1,1hR8BSuEqPCCZfv93zzzz9,spotify:track:1hR8BSuEqPCCZfv93zzzz9,0.00961,0.761,0.607,2.24E-05,0.367,-4.83,0.0312,0.674,80,212600
23,Blank Space (Taylor's Version),1989 (Taylor's Version),10/26/2023,2,45wMBGri1PORPjM9PwFfrS,spotify:track:45wMBGri1PORPjM9PwFfrS,0.0976,0.737,0.725,0,0.174,-5.417,0.0641,0.755,84,231833
24,Style (Taylor's Version),1989 (Taylor's Version),10/26/2023,3,1hjRhYpWyqDpPahmSlUTlc,spotify:track:1hjRhYpWyqDpPahmSlUTlc,0.000418,0.575,0.824,0.0214,0.0901,-4.823,0.038,0.292,86,231000
25,Out Of The Woods (Taylor's Version),1989 (Taylor's Version),10/26/2023,4,045ZeOHPIzhxxsm8bq5kyE,spotify:track:045ZeOHPIzhxxsm8bq5kyE,0.000512,0.547,0.885,9.37E-05,0.39,-5.961,0.0418,0.192,82,235800
26,All You Had To Do Was Stay (Taylor's Version),1989 (Taylor's Version),10/26/2023,5,6GXgd1BPD9bUpqw5AntGV5,spotify:track:6GXgd1BPD9bUpqw5AntGV5,0.000718,0.586,0.72,0,0.0949,-5.556,0.035,0.481,79,193289
27,Shake It Off (Taylor's Version),1989 (Taylor's Version),10/26/2023,6,3pv7Q5v2dpdefwdWIvE7yH,spotify:track:3pv7Q5v2dpdefwdWIvE7yH,0.0103,0.632,0.807,1.27E-05,0.29,-5.676,0.0738,0.921,81,219209
28,I Wish You Would (Taylor's Version),1989 (Taylor's Version),10/26/2023,7,43y1WpBdnEy5TR9aZoSQL9,spotify:track:43y1WpBdnEy5TR9aZoSQL9,0.00357,0.669,0.851,1.04E-05,0.0676,-6.526,0.0432,0.541,78,207650
29,Bad Blood (Taylor's Version),1989 (Taylor's Version),10/26/2023,8,64FzgoLZ3oXu2SriZblHic,spotify:track:64FzgoLZ3oXu2SriZblHic,0.0385,0.619,0.686,0,0.307,-6.369,0.164,0.364,78,211103
30,Wildest Dreams (Taylor's Version),1989 (Taylor's Version),10/26/2023,9,1K39ty6o1sHwwlZwO6a7wK,spotify:track:1K39ty6o1sHwwlZwO6a7wK,0.0411,0.581,0.672,9.35E-05,0.118,-7.415,NA,0.514,82,220433
31,How You Get The Girl (Taylor's Version),1989 (Taylor's Version),10/26/2023,10,75W3SngKzTuoQ94uLf3y82,spotify:track:75W3SngKzTuoQ94uLf3y82,0.00209,0.754,0.682,9.88E-06,0.0941,-5.789,0.0565,0.547,76,247533
32,This Love (Taylor’s Version),1989 (Taylor's Version),10/26/2023,11,5QVVjX0ZItqlVpEuVCM9Yg,spotify:track:5QVVjX0ZItqlVpEuVCM9Yg,0.299,0.474,0.511,0,0.0673,-8.766,0.0339,0.0586,76,250100
33,I Know Places (Taylor's Version),1989 (Taylor's Version),10/26/2023,12,2f0GI2ZLUtbGqFx8t2Gk6A,spotify:track:2f0GI2ZLUtbGqFx8t2Gk6A,0.087,0.575,0.803,0,0.0971,-5.393,0.0465,0.68,77,195700
34,Clean (Taylor's Version),1989 (Taylor's Version),10/26/2023,13,2ByBBvpR9b7IynvRmnG7kG,spotify:track:2ByBBvpR9b7IynvRmnG7kG,0.276,0.771,0.386,2.01E-05,0.121,-8.917,0.0297,0.239,79,271000
35,Wonderland (Taylor's Version),1989 (Taylor's Version),10/26/2023,14,2ve0kuaWUCt4Zx8x4bf1MR,spotify:track:2ve0kuaWUCt4Zx8x4bf1MR,NA,0.462,0.708,1.88E-05,0.198,-5.971,0.0555,0.337,77,245566
36,You Are In Love (Taylor's Version),1989 (Taylor's Version),10/26/2023,15,4UwqOWDpdeIDVQDuKT6iza,spotify:track:4UwqOWDpdeIDVQDuKT6iza,0.609,0.537,0.495,2.49E-06,0.112,-9.416,0.0573,0.492,77,267389
37,New Romantics (Taylor's Version),1989 (Taylor's Version),10/26/2023,16,2vPMoMDXxu9uX1igWZmXSG,spotify:track:2vPMoMDXxu9uX1igWZmXSG,0.0068,0.651,0.855,9.81E-06,0.0759,-5.959,0.0538,0.698,81,230177
38,"""Slut!"" (Taylor's Version) (From The Vault)",1989 (Taylor's Version),10/26/2023,17,71BqAINEnezjQfxE4VuJfq,spotify:track:71BqAINEnezjQfxE4VuJfq,0.345,0.629,0.413,7.62E-05,0.0603,-13.178,0.055,0.306,87,180381
39,Say Don't Go (Taylor's Version) (From The Vault),1989 (Taylor's Version),10/26/2023,18,4NioO5R9sHEZh4cGzMHyNt,spotify:track:4NioO5R9sHEZh4cGzMHyNt,0.0656,0.626,0.547,1.67E-05,0.149,-8.285,0.0342,0.192,84,279833
40,Now That We Don't Talk (Taylor's Version) (From The Vault),1989 (Taylor's Version),10/26/2023,19,5KD6AEm19QnMbfWpfoOHMl,spotify:track:5KD6AEm19QnMbfWpfoOHMl,0.186,0.793,0.512,3.81E-05,0.0889,-9.319,0.0338,0.0662,88,146436
41,Suburban Legends (Taylor's Version) (From The Vault),1989 (Taylor's Version),10/26/2023,20,6T0sEnqjmHISIKwFETeeiP,spotify:track:6T0sEnqjmHISIKwFETeeiP,0.198,0.699,0.621,0,0.104,-8.739,0.0369,0.344,79,171818
42,Is It Over Now? (Taylor's Version) (From The Vault),1989 (Taylor's Version),10/26/2023,21,1Iq8oo9XkmmvCQiGOfORiz,spotify:track:1Iq8oo9XkmmvCQiGOfORiz,0.0504,0.596,0.658,0,0.127,-7.346,0.036,0.176,91,229477
43,Mine (Taylor's Version),Speak Now (Taylor's Version),7/7/2023,1,7G0gBu6nLdhFDPRLc0HdDG,spotify:track:7G0gBu6nLdhFDPRLc0HdDG,0.00444,0.646,0.783,1.38E-06,0.171,-2.846,0.0356,0.49,80,231706
44,Sparks Fly (Taylor’s Version),Speak Now (Taylor's Version),7/7/2023,2,3MytWN8L7shNYzGl4tAKRp,spotify:track:3MytWN8L7shNYzGl4tAKRp,0.0251,NA,0.758,0,NA,20,0.0305,NA,77,261230
45,Back To December (Taylor's Version),Speak Now (Taylor's Version),7/7/2023,3,79uDOz0zuuWS7HWxzMmTa2,spotify:track:79uDOz0zuuWS7HWxzMmTa2,0.00621,0.497,0.635,0,0.117,-3.927,0.0273,0.203,81,294189
46,Speak Now (Taylor's Version),Speak Now (Taylor's Version),7/7/2023,4,5xXqyjLicvEpch72qEryFT,spotify:track:5xXqyjLicvEpch72qEryFT,0.248,0.727,0.677,0,0.143,-2.871,0.0325,0.639,75,242473
47,Dear John (Taylor's Version),Speak Now (Taylor's Version),7/7/2023,5,1zU8j1x3yi9xalMF96pzKp,spotify:track:1zU8j1x3yi9xalMF96pzKp,0.0236,0.419,0.47,0,0.163,-5.016,0.0296,0.133,76,405906
48,Mean (Taylor's Version),Speak Now (Taylor's Version),7/7/2023,6,30Y4CV7A6YqtQtTTo7Ue4j,spotify:track:30Y4CV7A6YqtQtTTo7Ue4j,0.311,0.524,0.692,0,0.192,-3.866,0.0369,0.621,76,238693
49,The Story Of Us (Taylor's Version),Speak Now (Taylor's Version),7/7/2023,7,6dTA6y0C2ReQklntzZl8l3,spotify:track:6dTA6y0C2ReQklntzZl8l3,0.00192,0.515,0.781,0,0.054,-2.608,0.0535,0.57,75,267653
50,Never Grow Up (Taylor's Version),Speak Now (Taylor's Version),7/7/2023,8,2EFZ9emtKWEglWUQGEQ3P9,spotify:track:2EFZ9emtKWEglWUQGEQ3P9,0.851,0.685,0.323,0,0.198,-7.103,0.0289,0.569,70,292920
51,Enchanted (Taylor's Version),Speak Now (Taylor's Version),7/7/2023,9,3sW3oSbzsfecv9XoUdGs7h,spotify:track:3sW3oSbzsfecv9XoUdGs7h,0.012,0.505,0.532,0,0.149,-3.526,0.0265,0.216,85,353253
52,Better Than Revenge (Taylor's Version),Speak Now (Taylor's Version),7/7/2023,10,0NwGC0v03ysCYINtg6ns58,spotify:track:0NwGC0v03ysCYINtg6ns58,0.000886,0.496,0.885,0,0.191,-2.969,0.0803,0.665,77,220306
53,Innocent (Taylor's Version),Speak Now (Taylor's Version),7/7/2023,11,12nBPF4Rh4XLFJV0YLN7uj,spotify:track:12nBPF4Rh4XLFJV0YLN7uj,0.101,0.522,0.598,0,0.152,-5.327,0.0284,0.149,69,301221
54,Haunted (Taylor's Version),Speak Now (Taylor's Version),7/7/2023,12,4tMzIAFTFdqGBQLdfbPces,spotify:track:4tMzIAFTFdqGBQLdfbPces,0.00667,0.427,0.915,0,0.221,15.09,0.0619,0.355,74,245413
55,Last Kiss (Taylor's Version),Speak Now (Taylor's Version),7/7/2023,13,59KOoHFcw5XfICnO57holu,spotify:track:59KOoHFcw5XfICnO57holu,0.447,0.55,0.366,4.43E-06,0.101,-8.46,0.0276,0.16,74,369120
56,Long Live (Taylor's Version),Speak Now (Taylor's Version),7/7/2023,14,4hqJ4bSlYJOXb6Z4SRmzxs,spotify:track:4hqJ4bSlYJOXb6Z4SRmzxs,0.0122,0.375,0.65,0,0.189,-4.031,0.0402,0.0752,78,317960
57,Ours (Taylor’s Version),Speak Now (Taylor's Version),7/7/2023,15,3yNJkriPzWjkkDAWHIAVUq,spotify:track:3yNJkriPzWjkkDAWHIAVUq,0.449,0.535,0.488,0,0.111,-8.261,0.0278,0.348,71,235803
58,Superman (Taylor’s Version),Speak Now (Taylor's Version),7/7/2023,16,4evLyY5Ue1Wesc61t2KXAU,spotify:track:4evLyY5Ue1Wesc61t2KXAU,0.0031,0.533,0.742,0,0.108,-3.473,0.0303,0.356,67,274945
59,Electric Touch (feat. Fall Out Boy) (Taylor’s Version) (From The Vault),Speak Now (Taylor's Version),7/7/2023,17,4e3ZNTAV6PCrdYMUrUlMpQ,spotify:track:4e3ZNTAV6PCrdYMUrUlMpQ,NA,0.547,0.855,0,0.144,-4.7,0.0597,0.282,73,266466
60,When Emma Falls in Love (Taylor’s Version) (From The Vault),Speak Now (Taylor's Version),7/7/2023,18,0zo975x58DlXbZllWvfYhg,spotify:track:0zo975x58DlXbZllWvfYhg,0.159,0.474,0.763,0,0.138,-4.632,0.0505,0.231,73,252385
61,I Can See You (Taylor’s Version) (From The Vault),Speak Now (Taylor's Version),7/7/2023,19,5kHMfzgLZP95O9NBy0ku4v,spotify:track:5kHMfzgLZP95O9NBy0ku4v,0.0586,0.694,0.764,0,0.0608,-4.893,0.0337,0.819,82,273186
62,Castles Crumbling (feat. Hayley Williams) (Taylor’s Version) (From The Vault),Speak Now (Taylor's Version),7/7/2023,20,4ABYxlb92WBIjHu7TIKmml,spotify:track:4ABYxlb92WBIjHu7TIKmml,0.362,0.576,0.57,0,0.0668,-7.925,0.0434,0.378,73,306062
63,Foolish One (Taylor’s Version) (From The Vault),Speak Now (Taylor's Version),7/7/2023,21,4s8BIKx4Zh6ryAEz8RTlaU,spotify:track:4s8BIKx4Zh6ryAEz8RTlaU,0.617,0.671,0.588,0,0.111,-4.675,0.0299,0.543,74,311765
64,Timeless (Taylor’s Version) (From The Vault),Speak Now (Taylor's Version),7/7/2023,22,1HCdems7PQZRj42QDWLA0A,spotify:track:1HCdems7PQZRj42QDWLA0A,0.3,0.624,0.585,0,0.0916,-5.847,0.0328,0.65,74,321396
65,Lavender Haze,Midnights (The Til Dawn Edition),5/26/2023,1,24emu3sabKISjRkrys28jq,spotify:track:24emu3sabKISjRkrys28jq,0.236,0.735,0.454,0.00113,0.133,-10.516,0.0876,0.0751,68,202395
66,Maroon,Midnights (The Til Dawn Edition),5/26/2023,2,6qxvy9Pe4RJIq5JBVbbwbS,spotify:track:6qxvy9Pe4RJIq5JBVbbwbS,0.0609,0.65,0.397,1.40E-06,0.089,-8.237,0.0365,0.0382,68,218270
67,Anti-Hero,Midnights (The Til Dawn Edition),5/26/2023,3,5qIHFdkW6phMsTZlN2g8Lc,spotify:track:5qIHFdkW6phMsTZlN2g8Lc,0.115,0.637,0.649,1.22E-06,0.147,-6.59,0.0584,0.497,68,200690
68,Snow On The Beach (feat. Lana Del Rey),Midnights (The Til Dawn Edition),5/26/2023,4,7GA86Uo2jYbj8vIXe2nyWd,spotify:track:7GA86Uo2jYbj8vIXe2nyWd,0.705,0.653,0.331,0.0013,0.116,-13.534,0.039,0.166,65,256124
69,"You're On Your Own, Kid",Midnights (The Til Dawn Edition),5/26/2023,5,6PQOU00xWNrGwCZzboriXy,spotify:track:6PQOU00xWNrGwCZzboriXy,0.423,0.694,0.386,1.05E-05,0.126,-10.312,0.0597,0.39,68,194206
70,Midnight Rain,Midnights (The Til Dawn Edition),5/26/2023,6,4eKMqf9ZMSclDX7V9Ptg7x,spotify:track:4eKMqf9ZMSclDX7V9Ptg7x,0.705,0.654,0.372,6.78E-05,0.114,-11.704,0.0667,0.198,68,174782
71,Question...?,Midnights (The Til Dawn Edition),5/26/2023,7,7oomkQSYf1ia2VnVEWfFIU,spotify:track:7oomkQSYf1ia2VnVEWfFIU,0.205,0.741,0.509,0,0.262,-8.747,0.19,0.113,66,210556
72,Vigilante Shit,Midnights (The Til Dawn Edition),5/26/2023,8,0GKDhq6ZbmSbRHd3eyGlB7,spotify:track:0GKDhq6ZbmSbRHd3eyGlB7,0.157,0.867,0.272,3.42E-05,0.118,-11.014,0.363,0.157,67,164801
73,Bejeweled,Midnights (The Til Dawn Edition),5/26/2023,9,0VpF6RLdCfPIeYRwMu4tZK,spotify:track:0VpF6RLdCfPIeYRwMu4tZK,0.0648,0.695,0.546,0.000128,0.0883,-9.184,0.066,0.425,68,194165
74,Labyrinth,Midnights (The Til Dawn Edition),5/26/2023,10,4bBDkw2KBMX0tcgAaXC83Q,spotify:track:4bBDkw2KBMX0tcgAaXC83Q,0.804,NA,0.308,0.328,0.123,-15.489,0.0436,0.13,66,247962
75,Karma,Midnights (The Til Dawn Edition),5/26/2023,11,45R112Jz5hQeKgITXgSXzs,spotify:track:45R112Jz5hQeKgITXgSXzs,0.0782,0.647,0.614,0,0.611,-7.091,0.0651,0.0956,67,204852
76,Sweet Nothing,Midnights (The Til Dawn Edition),5/26/2023,12,2L09RYwH5Pjzca6PmbUAw3,spotify:track:2L09RYwH5Pjzca6PmbUAw3,NA,NA,NA,NA,NA,NA,NA,NA,NA,188496
77,Mastermind,Midnights (The Til Dawn Edition),5/26/2023,13,1QQii3pa5m8MEda0nbkjfw,spotify:track:1QQii3pa5m8MEda0nbkjfw,0.545,0.661,0.345,0.000915,0.0871,-14.037,0.144,0.126,67,191039
78,The Great War,Midnights (The Til Dawn Edition),5/26/2023,14,2VuqMjgoKaOHNM8HpxtXKx,spotify:track:2VuqMjgoKaOHNM8HpxtXKx,0.203,0.573,0.737,2.78E-05,0.0851,-9.002,0.0352,0.592,66,240355
79,Bigger Than The Whole Sky,Midnights (The Til Dawn Edition),5/26/2023,15,71CBDRKmF2VeRKYMG1DFBh,spotify:track:71CBDRKmF2VeRKYMG1DFBh,0.837,0.48,0.22,0.00269,0.116,-12.469,0.0425,0.0633,66,218502
80,Paris,Midnights (The Til Dawn Edition),5/26/2023,16,5tWxKWq1DSP1s9WQ5PWuqu,spotify:track:5tWxKWq1DSP1s9WQ5PWuqu,0.116,0.691,0.498,3.07E-05,0.136,-10.519,0.101,0.454,65,196258
81,High Infidelity,Midnights (The Til Dawn Edition),5/26/2023,17,1SztNGCwEHJEVFx90E5g7D,spotify:track:1SztNGCwEHJEVFx90E5g7D,0.726,0.564,0.545,0,0.0878,-10.17,0.104,0.766,64,231475
82,Glitch,Midnights (The Til Dawn Edition),5/26/2023,18,7C0w28EsX0Um2FrZs9gso2,spotify:track:7C0w28EsX0Um2FrZs9gso2,0.318,0.677,0.451,0,0.11,-9.744,0.19,0.399,63,148781
83,"Would've, Could've, Should've",Midnights (The Til Dawn Edition),5/26/2023,19,4txojlesMFQZGWxwz2EeqB,spotify:track:4txojlesMFQZGWxwz2EeqB,0.435,0.482,0.837,0.00147,0.123,-6.501,0.12,0.534,66,260361
84,Dear Reader,Midnights (The Til Dawn Edition),5/26/2023,20,10GRRCR5fctuOF4GFmATJI,spotify:track:10GRRCR5fctuOF4GFmATJI,0.497,0.475,0.386,0.00104,0.119,-12.038,0.0737,0.162,64,225194
85,Hits Different,Midnights (The Til Dawn Edition),5/26/2023,21,3xYJScVfxByb61dYHTwiby,spotify:track:3xYJScVfxByb61dYHTwiby,0.148,0.672,0.782,4.73E-06,0.296,-6.499,0.0421,0.239,79,234466
86,Snow On The Beach (feat. More Lana Del Rey),Midnights (The Til Dawn Edition),5/26/2023,22,4zmKGsrXjLmljb5fTaBTot,spotify:track:4zmKGsrXjLmljb5fTaBTot,0.806,0.664,0.401,3.50E-06,0.108,-10.934,0.0344,0.315,80,229942
87,Karma (feat. Ice Spice),Midnights (The Til Dawn Edition),5/26/2023,23,4i6cwNY6oIUU2XZxPIw82Y,spotify:track:4i6cwNY6oIUU2XZxPIw82Y,0.0623,0.615,0.616,0,0.579,-6.523,0.0622,0.0734,71,201493
88,Lavender Haze,Midnights (3am Edition),10/22/2022,1,4g2c7NoTWAOSYDy44l9nub,spotify:track:4g2c7NoTWAOSYDy44l9nub,0.204,0.735,0.444,0.0012,0.17,-10.519,0.0684,0.0984,67,202395
89,Maroon,Midnights (3am Edition),10/22/2022,2,199E1RRrVmVTQqBXih5qRC,spotify:track:199E1RRrVmVTQqBXih5qRC,NA,0.658,0.378,0,0.0976,-8.3,0.0379,0.0382,68,218270
90,Anti-Hero,Midnights (3am Edition),10/22/2022,3,02Zkkf2zMkwRGQjZ7T4p8f,spotify:track:02Zkkf2zMkwRGQjZ7T4p8f,0.133,0.638,0.634,1.23E-06,0.152,-6.582,0.0457,0.519,68,200690
91,Snow On The Beach (feat. Lana Del Rey),Midnights (3am Edition),10/22/2022,4,6ADDIJxxqzM9LMpm78yzQG,spotify:track:6ADDIJxxqzM9LMpm78yzQG,0.735,0.659,0.323,0.00321,0.116,-13.425,0.0436,0.154,67,256124
92,"You're On Your Own, Kid",Midnights (3am Edition),10/22/2022,5,7gVWKBcfIW93YxNBi3ApIE,spotify:track:7gVWKBcfIW93YxNBi3ApIE,0.416,0.694,0.38,8.47E-06,0.126,-10.307,0.0614,0.376,68,194206
93,Midnight Rain,Midnights (3am Edition),10/22/2022,6,6Nl7KyvjkFncGsjB49SxLl,spotify:track:6Nl7KyvjkFncGsjB49SxLl,0.71,0.636,0.377,6.51E-05,0.115,-11.721,0.0708,0.23,68,174782
94,Question...?,Midnights (3am Edition),10/22/2022,7,6C7OF1Jal7YkyjzyUG8vkK,spotify:track:6C7OF1Jal7YkyjzyUG8vkK,0.226,0.751,0.502,0,0.297,-8.777,0.162,0.112,65,210556
95,Vigilante Shit,Midnights (3am Edition),10/22/2022,8,5yeuXkukVGuix3vmLu2BPJ,spotify:track:5yeuXkukVGuix3vmLu2BPJ,0.16,0.87,0.279,1.74E-05,0.121,-11.134,0.364,0.16,67,164801
96,Bejeweled,Midnights (3am Edition),10/22/2022,9,0jvo9CjnbR0lYUDTSNTMiu,spotify:track:0jvo9CjnbR0lYUDTSNTMiu,0.0661,0.7,0.55,0.000102,0.091,-9.13,0.0653,NA,68,194165
97,Labyrinth,Midnights (3am Edition),10/22/2022,10,43q586vP8gGkYypKoSddhl,spotify:track:43q586vP8gGkYypKoSddhl,0.791,0.487,0.313,0.348,0.124,-15.434,0.0487,0.141,65,247962
98,Karma,Midnights (3am Edition),10/22/2022,11,5oqDgw5VGBln5dSIOPWyBq,spotify:track:5oqDgw5VGBln5dSIOPWyBq,0.074,0.649,0.622,0,0.594,-7.054,0.0582,0.106,72,204852
99,Sweet Nothing,Midnights (3am Edition),10/22/2022,12,3zmwONxswBAzGwExPugSLN,spotify:track:3zmwONxswBAzGwExPugSLN,0.967,0.334,0.161,4.71E-05,0.115,-14.875,0.0506,0.396,66,188496
100,Mastermind,Midnights (3am Edition),10/22/2022,13,56hioFjQ0DXrdn04hZcFgG,spotify:track:56hioFjQ0DXrdn04hZcFgG,0.571,0.661,0.352,0.00147,0.0884,-14.077,0.117,0.13,71,191039
101,The Great War,Midnights (3am Edition),10/22/2022,14,3UMrglJeju5yWyYIW6o99b,spotify:track:3UMrglJeju5yWyYIW6o99b,0.219,0.573,0.741,2.23E-05,0.0842,-8.987,0.0353,0.554,74,240355
102,Bigger Than The Whole Sky,Midnights (3am Edition),10/22/2022,15,0BiqmkasE5FdrChwKfVp8X,spotify:track:0BiqmkasE5FdrChwKfVp8X,0.826,0.422,0.235,0.00648,0.115,-12.379,0.0568,0.068,72,218502
103,Paris,Midnights (3am Edition),10/22/2022,16,7712gjoih4QoDbXpljEk21,spotify:track:7712gjoih4QoDbXpljEk21,0.112,0.7,0.509,3.27E-05,0.137,-10.547,0.0789,0.345,70,196258
104,High Infidelity,Midnights (3am Edition),10/22/2022,17,5kiZGSxgqPdv6rbqL9THdd,spotify:track:5kiZGSxgqPdv6rbqL9THdd,0.723,0.646,0.529,0,0.0885,-10.179,0.0864,0.755,70,231475
105,Glitch,Midnights (3am Edition),10/22/2022,18,6wAFvJPpTZVirBKGZ4EnMW,spotify:track:6wAFvJPpTZVirBKGZ4EnMW,0.361,0.675,0.466,0,0.11,-9.738,0.201,0.347,68,148781
106,"Would've, Could've, Should've",Midnights (3am Edition),10/22/2022,19,0aV5uARAknQgYhBaK944FP,spotify:track:0aV5uARAknQgYhBaK944FP,0.43,0.483,0.84,0.000575,0.146,-6.508,0.119,0.55,73,260361
107,Dear Reader,Midnights (3am Edition),10/22/2022,20,3QF5RsWzK1lCvf2o2cY65P,spotify:track:3QF5RsWzK1lCvf2o2cY65P,0.481,0.562,0.388,0.00145,0.117,-12.088,0.0705,0.159,69,225194
108,Lavender Haze,Midnights,10/21/2022,1,5jQI2r1RdgtuT8S3iG8zFC,spotify:track:5jQI2r1RdgtuT8S3iG8zFC,0.258,0.733,0.436,0.000573,0.157,-10.489,0.08,0.0976,83,202395
109,Maroon,Midnights,10/21/2022,2,3eX0NZfLtGzoLUxPNvRfqm,spotify:track:3eX0NZfLtGzoLUxPNvRfqm,0.0573,0.637,0.398,1.03E-06,0.101,-8.294,0.0564,0.0374,78,218270
110,Anti-Hero,Midnights,10/21/2022,3,0V3wPSX9ygBnCm8psDIegu,spotify:track:0V3wPSX9ygBnCm8psDIegu,0.13,0.637,0.643,1.80E-06,0.142,-6.571,0.0519,0.533,90,200690
111,Snow On The Beach (feat. Lana Del Rey),Midnights,10/21/2022,4,1wtOxkiel43cVs0Yux5Q4h,spotify:track:1wtOxkiel43cVs0Yux5Q4h,0.69,0.663,0.319,NA,0.117,NA,0.0375,0.193,76,256124
112,"You're On Your Own, Kid",Midnights,10/21/2022,5,4D7BCuvgdJlYvlX5WlN54t,spotify:track:4D7BCuvgdJlYvlX5WlN54t,0.401,0.696,0.396,5.20E-06,0.125,-10.289,0.0656,0.38,83,194206
113,Midnight Rain,Midnights,10/21/2022,6,3rWDp9tBPQR9z6U5YyRSK4,spotify:track:3rWDp9tBPQR9z6U5YyRSK4,0.69,0.643,0.363,5.17E-05,0.115,-11.738,0.0767,0.23,83,174782
114,Question...?,Midnights,10/21/2022,7,0heeNYlwOGuUSe7TgUD27B,spotify:track:0heeNYlwOGuUSe7TgUD27B,0.2,0.751,0.502,0,0.296,-8.763,0.167,0.106,72,210556
115,Vigilante Shit,Midnights,10/21/2022,8,1xwAWUI6Dj0WGC3KiUPN0O,spotify:track:1xwAWUI6Dj0WGC3KiUPN0O,0.173,0.798,0.277,5.25E-05,0.121,-11.096,0.39,0.163,78,164801
116,Bejeweled,Midnights,10/21/2022,9,3qoftcUZaUOncvIYjFSPdE,spotify:track:3qoftcUZaUOncvIYjFSPdE,0.0618,0.696,0.559,5.58E-05,0.0887,-9.19,0.0693,0.433,82,194165
117,Labyrinth,Midnights,10/21/2022,10,0A1JLUlkZkp2EFrosoNQi0,spotify:track:0A1JLUlkZkp2EFrosoNQi0,0.785,0.406,0.306,0.488,0.122,-15.48,0.0517,0.122,75,247962
118,Karma,Midnights,10/21/2022,11,7KokYm8cMIXCsGVmUvKtqf,spotify:track:7KokYm8cMIXCsGVmUvKtqf,0.0734,0.642,0.62,0,0.483,-7.091,0.0666,0.0969,86,204852
119,Sweet Nothing,Midnights,10/21/2022,12,0wavGRldH0AWyu2zvTz8zb,spotify:track:0wavGRldH0AWyu2zvTz8zb,NA,NA,NA,NA,NA,NA,NA,NA,NA,188496
120,Mastermind,Midnights,10/21/2022,13,7FmYn9e7KHMXcxqGSj9LjH,spotify:track:7FmYn9e7KHMXcxqGSj9LjH,0.553,0.662,0.357,0.00129,0.0837,-14.064,0.154,0.124,76,191039
121,State Of Grace (Taylor's Version),Red (Taylor's Version),11/12/2021,1,6lzc0Al0zfZOIFsFvBS1ki,spotify:track:6lzc0Al0zfZOIFsFvBS1ki,0.000328,0.594,0.713,0,0.114,-5.314,0.0503,0.328,70,295413
122,Red (Taylor's Version),Red (Taylor's Version),11/12/2021,2,4OAuvHryIVv4kMDNSLuPt6,spotify:track:4OAuvHryIVv4kMDNSLuPt6,0.00108,0.516,0.777,1.62E-06,0.0761,-4.908,0.0375,0.408,78,223093
123,Treacherous (Taylor's Version),Red (Taylor's Version),11/12/2021,3,3S7HNKPakdwNEBFIVTL6dZ,spotify:track:3S7HNKPakdwNEBFIVTL6dZ,0.0344,NA,0.593,0.000127,0.13,-6.506,0.0288,0.299,70,242720
124,I Knew You Were Trouble (Taylor's Version),Red (Taylor's Version),11/12/2021,4,6AtZLIzUINvExIUy4QhdjP,spotify:track:6AtZLIzUINvExIUy4QhdjP,0.0129,0.584,0.557,0,0.0576,-6.371,0.0342,0.767,78,219760
125,All Too Well (Taylor's Version),Red (Taylor's Version),11/12/2021,5,3nsfB1vus2qaloUdcBZvDu,spotify:track:3nsfB1vus2qaloUdcBZvDu,0.0171,0.44,0.528,0.00203,0.234,-7.809,0.0317,0.132,76,329160
126,22 (Taylor's Version),Red (Taylor's Version),11/12/2021,6,3yII7UwgLF6K5zW3xad3MP,spotify:track:3yII7UwgLF6K5zW3xad3MP,0.000443,0.642,0.695,1.02E-05,0.0753,-5.62,0.0281,0.642,78,230960
127,I Almost Do (Taylor's Version),Red (Taylor's Version),11/12/2021,7,2r9CbjYgFhtAmcFv1cSquB,spotify:track:2r9CbjYgFhtAmcFv1cSquB,0.0167,0.511,0.559,0,0.113,-6.587,0.0264,0.248,69,244586
128,We Are Never Ever Getting Back Together (Taylor's Version),Red (Taylor's Version),11/12/2021,8,5YqltLsjdqFtvqE7Nrysvs,spotify:track:5YqltLsjdqFtvqE7Nrysvs,NA,0.567,0.686,1.86E-06,0.0732,-6.139,0.175,0.716,79,193146
129,Stay Stay Stay (Taylor's Version),Red (Taylor's Version),11/12/2021,9,7eQj6r5PIdYKEIZjucBMcq,spotify:track:7eQj6r5PIdYKEIZjucBMcq,0.0848,0.693,0.681,0,0.0768,-7.039,NA,0.663,68,205786
130,The Last Time (feat. Gary Lightbody of Snow Patrol) (Taylor’s Version),Red (Taylor's Version),11/12/2021,10,0y6kdSRCVQhSsHSpWvTUm7,spotify:track:0y6kdSRCVQhSsHSpWvTUm7,0.0399,0.502,0.534,0,0.0977,-5.954,0.0278,0.155,71,299080
131,Holy Ground (Taylor's Version),Red (Taylor's Version),11/12/2021,11,7J4b3LVCIGO4CMBDFLPoP6,spotify:track:7J4b3LVCIGO4CMBDFLPoP6,0.0288,0.622,0.809,0.00218,0.109,-5.623,0.0638,0.511,68,202960
132,Sad Beautiful Tragic (Taylor's Version),Red (Taylor's Version),11/12/2021,12,73qMN9bXy7MSPwwGfH3wQr,spotify:track:73qMN9bXy7MSPwwGfH3wQr,0.622,0.601,0.406,9.19E-05,0.133,-11.827,0.0275,NA,70,284773
133,The Lucky One (Taylor's Version),Red (Taylor's Version),11/12/2021,13,4e5ayHsOLJNLTGfjau2mEw,spotify:track:4e5ayHsOLJNLTGfjau2mEw,0.066,0.686,0.571,0,0.0608,-7.138,0.05,0.538,67,240466
134,Everything Has Changed (feat. Ed Sheeran) (Taylor’s Version),Red (Taylor's Version),11/12/2021,14,7qEUFOVcxRI19tbT68JcYK,spotify:track:7qEUFOVcxRI19tbT68JcYK,0.271,0.498,0.61,0,0.223,-5.098,0.0363,0.474,74,245426
135,Starlight (Taylor's Version),Red (Taylor's Version),11/12/2021,15,7A2cNLRT0YJc1yjxHlKihs,spotify:track:7A2cNLRT0YJc1yjxHlKihs,0.00324,0.628,0.685,0,0.18,-5.864,NA,0.605,67,220413
136,Begin Again (Taylor's Version),Red (Taylor's Version),11/12/2021,16,05GsNucq8Bngd9fnd4fRa0,spotify:track:05GsNucq8Bngd9fnd4fRa0,0.075,0.519,0.527,0,0.132,-7.673,0.0274,0.267,70,238866
137,The Moment I Knew (Taylor's Version),Red (Taylor's Version),11/12/2021,17,0NRHj8hDwwmSPaA41o379r,spotify:track:0NRHj8hDwwmSPaA41o379r,0.0494,0.636,0.402,0,0.107,-7.855,0.031,0.208,67,285280
138,Come Back...Be Here (Taylor's Version),Red (Taylor's Version),11/12/2021,18,4pNApnaUWAL2J4KO2eqokq,spotify:track:4pNApnaUWAL2J4KO2eqokq,0.0158,0.46,0.632,0,0.0822,-6.031,0.0302,0.399,71,223333
139,Girl At Home (Taylor's Version),Red (Taylor's Version),11/12/2021,19,0DMVrlMUn01M0IcpDbwgu7,spotify:track:0DMVrlMUn01M0IcpDbwgu7,0.00955,0.691,0.736,1.88E-05,0.101,-6.974,0.0326,0.612,65,220520
140,State Of Grace (Acoustic Version) (Taylor's Version),Red (Taylor's Version),11/12/2021,20,5jAIouBES8LWMiriuNq170,spotify:track:5jAIouBES8LWMiriuNq170,0.663,0.445,0.131,1.57E-06,0.108,-13.778,0.0564,0.101,65,321640
141,Ronan (Taylor's Version),Red (Taylor's Version),11/12/2021,21,7nWui6jiMM2m9qFmET1Mtj,spotify:track:7nWui6jiMM2m9qFmET1Mtj,0.661,0.623,0.279,0,0.193,-10.802,0.031,0.38,63,264253
142,Better Man (Taylor's Version) (From The Vault),Red (Taylor's Version),11/12/2021,22,4OmFmE0fzcMG6g0Y8p4eSD,spotify:track:4OmFmE0fzcMG6g0Y8p4eSD,0.214,0.473,0.579,0,0.0877,-5.824,0.0384,0.255,72,297013
143,Nothing New (feat. Phoebe Bridgers) (Taylor’s Version) (From The Vault),Red (Taylor's Version),11/12/2021,23,01K4zKU104LyJ8gMb7227B,spotify:track:01K4zKU104LyJ8gMb7227B,0.817,0.606,0.377,0,0.154,-9.455,0.0275,0.446,75,258812
144,Babe (Taylor's Version) (From The Vault),Red (Taylor's Version),11/12/2021,24,0v4z1tuZvn6LGknom9Qx7d,spotify:track:0v4z1tuZvn6LGknom9Qx7d,0.0538,0.584,0.743,2.83E-06,0.121,-7.075,0.0931,0.746,72,224240
145,Message In A Bottle (Taylor's Version) (From The Vault),Red (Taylor's Version),11/12/2021,25,3z6XUommYDWPHeFhmhhT6j,spotify:track:3z6XUommYDWPHeFhmhhT6j,0.00188,0.622,0.791,3.72E-06,0.083,-6.106,0.0535,0.494,72,225960
146,I Bet You Think About Me (feat. Chris Stapleton) (Taylor’s Version) (From The Vault),Red (Taylor's Version),11/12/2021,26,4CkgMiMqZ5JzW9iYXSTMTL,spotify:track:4CkgMiMqZ5JzW9iYXSTMTL,0.167,0.391,0.715,0,0.183,-4.516,0.0495,0.473,75,285106
147,Forever Winter (Taylor's Version) (From The Vault),Red (Taylor's Version),11/12/2021,27,3oGVx9RBmiYGv5ZCecWLkx,spotify:track:3oGVx9RBmiYGv5ZCecWLkx,0.256,0.611,0.552,0,0.134,-5.828,0.031,0.41,68,263533
148,Run (feat. Ed Sheeran) (Taylor’s Version) (From The Vault),Red (Taylor's Version),11/12/2021,28,4IQkfUsrwXol38VV3U7t7T,spotify:track:4IQkfUsrwXol38VV3U7t7T,0.817,0.61,0.488,0,0.312,-6.918,0.0293,0.443,69,240226
149,The Very First Night (Taylor's Version) (From The Vault),Red (Taylor's Version),11/12/2021,29,6pYNq0ZwpPVazKzsqpf0G8,spotify:track:6pYNq0ZwpPVazKzsqpf0G8,0.00115,0.678,0.733,0,0.104,-5.025,0.0281,0.581,74,200280
150,All Too Well (10 Minute Version) (Taylor's Version) (From The Vault),Red (Taylor's Version),11/12/2021,30,5enxwA8aAbwZbf5qCHORXi,spotify:track:5enxwA8aAbwZbf5qCHORXi,0.274,0.631,0.518,0,0.088,-8.771,0.0303,0.205,85,613026
151,Fearless (Taylor’s Version),Fearless (Taylor's Version),4/9/2021,1,77sMIMlNaSURUAXq5coCxE,spotify:track:77sMIMlNaSURUAXq5coCxE,0.0122,0.569,0.741,0,0.333,-4.963,0.0282,0.43,81,241591
152,Fifteen (Taylor’s Version),Fearless (Taylor's Version),4/9/2021,2,2nqio0SfWg6gh2eCtfuMa5,spotify:track:2nqio0SfWg6gh2eCtfuMa5,0.116,0.559,0.646,0,0.32,-4.61,0.0272,0.289,70,294419
153,Love Story (Taylor’s Version),Fearless (Taylor's Version),4/9/2021,3,6YvqWjhGD8mB5QXcbcUKtx,spotify:track:6YvqWjhGD8mB5QXcbcUKtx,NA,0.627,0.792,3.97E-06,0.0845,-4.311,0.031,0.415,80,235766
154,Hey Stephen (Taylor’s Version),Fearless (Taylor's Version),4/9/2021,4,550erGcdD9n6PnwxrvYqZT,spotify:track:550erGcdD9n6PnwxrvYqZT,0.106,0.788,0.571,0,0.0934,-6.135,0.0296,0.797,69,254254
155,White Horse (Taylor’s Version),Fearless (Taylor's Version),4/9/2021,5,5YL553x8sHderRBDlm3NM3,spotify:track:5YL553x8sHderRBDlm3NM3,0.369,0.423,0.517,0,0.177,-7.377,0.0486,0.366,70,234515
156,You Belong With Me (Taylor’s Version),Fearless (Taylor's Version),4/9/2021,6,1qrpoAMXodY6895hGKoUpA,spotify:track:1qrpoAMXodY6895hGKoUpA,0.0623,0.632,0.773,0,0.0885,-4.856,0.0346,0.474,84,231124
157,Breathe (feat. Colbie Caillat) (Taylor’s Version),Fearless (Taylor's Version),4/9/2021,7,7HC7R2D8WjXVcUHJyEGjRs,spotify:track:7HC7R2D8WjXVcUHJyEGjRs,0.156,0.506,0.626,0,0.228,-6.066,0.0287,0.321,67,263377
158,Tell Me Why (Taylor’s Version),Fearless (Taylor's Version),4/9/2021,8,0k0vFacOHNuArLWMiH60p7,spotify:track:0k0vFacOHNuArLWMiH60p7,0.0222,0.578,0.909,0,0.333,-3.669,0.0628,0.541,65,200575
159,You’re Not Sorry (Taylor’s Version),Fearless (Taylor's Version),4/9/2021,9,6iiAfo4wTA2CVC3Uwx9uh8,spotify:track:6iiAfo4wTA2CVC3Uwx9uh8,0.0538,0.506,0.444,0,0.123,-4.99,0.0285,0.241,68,261842
160,The Way I Loved You (Taylor’s Version),Fearless (Taylor's Version),4/9/2021,10,22bPsP2jCgbLUvh82U0Z3M,spotify:track:22bPsP2jCgbLUvh82U0Z3M,0.0033,0.402,0.732,NA,0.108,-4.665,0.0484,0.472,80,243136
161,Forever & Always (Taylor’s Version),Fearless (Taylor's Version),4/9/2021,11,1msEuwSBneBKpVCZQcFTsU,spotify:track:1msEuwSBneBKpVCZQcFTsU,0.0231,0.598,0.821,0,0.143,-4.433,0.0447,0.673,71,225328
162,The Best Day (Taylor’s Version),Fearless (Taylor's Version),4/9/2021,12,6ON9UuIq49xXY9GPmHIYRp,spotify:track:6ON9UuIq49xXY9GPmHIYRp,0.488,0.642,0.576,0,0.159,-8.524,0.0282,0.469,65,245290
163,Change (Taylor’s Version),Fearless (Taylor's Version),4/9/2021,13,3ExweHKZF9B752DPQByRVT,spotify:track:3ExweHKZF9B752DPQByRVT,0.000191,0.499,0.815,0,0.181,-4.063,0.0341,0.344,64,279359
164,Jump Then Fall (Taylor’s Version),Fearless (Taylor's Version),4/9/2021,14,2m3ObD945KvpE5y9A1eUWm,spotify:track:2m3ObD945KvpE5y9A1eUWm,0.0474,0.572,0.69,0,0.0897,-6.201,0.0358,0.624,66,237580
165,Untouchable (Taylor’s Version),Fearless (Taylor's Version),4/9/2021,15,0tQ9vBYpldCuikPsbgOVKA,spotify:track:0tQ9vBYpldCuikPsbgOVKA,0.0181,0.393,0.531,0,0.169,-6.112,0.0329,0.224,66,312107
166,Forever & Always (Piano Version) (Taylor’s Version),Fearless (Taylor's Version),4/9/2021,16,01QdEx6kFr78ZejhQtWR5m,spotify:track:01QdEx6kFr78ZejhQtWR5m,0.819,0.546,0.273,0,0.137,-9.208,0.0308,0.271,65,267833
167,Come In With The Rain (Taylor’s Version),Fearless (Taylor's Version),4/9/2021,17,1n2wszmJyVkw6FHqyLnQsY,spotify:track:1n2wszmJyVkw6FHqyLnQsY,0.0406,0.476,0.564,0,0.102,-5.677,0.0269,0.167,63,237338
168,Superstar (Taylor’s Version),Fearless (Taylor's Version),4/9/2021,18,51A8eKvvZz9uydvIZ7xRSV,spotify:track:51A8eKvvZz9uydvIZ7xRSV,0.157,0.454,0.555,0,0.343,-6.69,0.0283,0.171,97,263865
169,The Other Side Of The Door (Taylor’s Version),Fearless (Taylor's Version),4/9/2021,19,1cSFlSBdpT4F5vb1frQ231,spotify:track:1cSFlSBdpT4F5vb1frQ231,0.0279,0.432,0.873,0,0.167,-4.367,0.0577,0.629,67,238443
170,Today Was A Fairytale (Taylor’s Version),Fearless (Taylor's Version),4/9/2021,20,2JoJrsEV15OzbijS47lids,spotify:track:2JoJrsEV15OzbijS47lids,0.0135,0.482,0.779,0,0.296,-5.025,0.0409,0.328,65,241822
171,You All Over Me (feat. Maren Morris) (Taylor’s Version) (From The Vault),Fearless (Taylor's Version),4/9/2021,21,4CHpVfAhuxNJ3ibExe6kxO,spotify:track:4CHpVfAhuxNJ3ibExe6kxO,0.816,0.599,0.494,0,0.101,-7.61,0.0372,0.44,64,220839
172,Mr. Perfectly Fine (Taylor’s Version) (From The Vault),Fearless (Taylor's Version),4/9/2021,22,2CYVETnhM9aytqrazYYwrK,spotify:track:2CYVETnhM9aytqrazYYwrK,0.162,0.66,0.817,0,0.0667,-6.269,0.0521,0.714,75,277591
173,We Were Happy (Taylor’s Version) (From The Vault),Fearless (Taylor's Version),4/9/2021,23,34V9RiEPe8MNdU32qJsJa1,spotify:track:34V9RiEPe8MNdU32qJsJa1,0.849,0.609,0.373,0,0.0779,-8.819,0.0263,0.13,66,244236
174,That’s When (feat. Keith Urban) (Taylor’s Version) (From The Vault),Fearless (Taylor's Version),4/9/2021,24,7eResoqEJJAVTkQYSqvO3P,spotify:track:7eResoqEJJAVTkQYSqvO3P,0.225,0.588,0.608,0,0.092,-7.062,0.0365,0.508,67,189495
175,Don’t You (Taylor’s Version) (From The Vault),Fearless (Taylor's Version),4/9/2021,25,4uuEGH5SVuzkkSFjo2DEiY,spotify:track:4uuEGH5SVuzkkSFjo2DEiY,0.514,0.563,0.473,1.20E-05,0.109,-11.548,0.0503,0.405,68,208608
176,Bye Bye Baby (Taylor’s Version) (From The Vault),Fearless (Taylor's Version),4/9/2021,26,4qUijfYU8EoIWiY6oSyrgT,spotify:track:4qUijfYU8EoIWiY6oSyrgT,0.334,0.624,0.624,0,0.0995,-7.86,0.0539,0.527,66,242157
177,willow,evermore (deluxe version),1/7/2021,1,2gVhfX2Gy1T9kDuS9azrF7,spotify:track:2gVhfX2Gy1T9kDuS9azrF7,0.833,0.392,0.574,0.00179,0.145,-9.195,0.17,0.529,73,214706
178,champagne problems,evermore (deluxe version),1/7/2021,2,1gcyHQpBQ1lfXGdhZmWrHP,spotify:track:1gcyHQpBQ1lfXGdhZmWrHP,0.92,0.462,0.24,0,0.113,-12.077,0.0377,0.32,74,244000
179,gold rush,evermore (deluxe version),1/7/2021,3,3Dby3p1m6IOZn2gIIqECgK,spotify:track:3Dby3p1m6IOZn2gIIqECgK,0.83,0.512,0.462,0.166,0.121,-10.491,0.0408,0.353,71,185320
180,‘tis the damn season,evermore (deluxe version),1/7/2021,4,6sQckd3Z8NPxVVKUnavY1F,spotify:track:6sQckd3Z8NPxVVKUnavY1F,0.735,0.575,0.434,6.59E-05,0.105,-8.193,0.0312,0.348,72,229840
181,tolerate it,evermore (deluxe version),1/7/2021,5,6lCvK2AR2uOKkVFCVlAzzm,spotify:track:6lCvK2AR2uOKkVFCVlAzzm,0.878,0.316,0.361,2.67E-05,0.0797,-10.381,0.0488,0.221,73,245440
182,"no body, no crime (feat. HAIM)",evermore (deluxe version),1/7/2021,6,6uwfVkaOM1mcMkFmSn35ix,spotify:track:6uwfVkaOM1mcMkFmSn35ix,0.418,0.546,0.613,0,0.103,-7.589,0.0264,0.535,71,215626
183,happiness,evermore (deluxe version),1/7/2021,7,55Vf4bimc1Rtfg0PAQRAo2,spotify:track:55Vf4bimc1Rtfg0PAQRAo2,0.87,0.559,0.334,0,0.114,-10.733,0.0376,0.211,69,315146
184,dorothea,evermore (deluxe version),1/7/2021,8,66tOfHVH3aUrscg8vExRV4,spotify:track:66tOfHVH3aUrscg8vExRV4,0.696,0.605,0.488,0,0.129,-8.322,0.0264,0.354,69,225880
185,coney island (feat. The National),evermore (deluxe version),1/7/2021,9,2awNGIJHodfLZSClB3PYhz,spotify:track:2awNGIJHodfLZSClB3PYhz,0.819,0.537,0.537,0.000904,0.142,-11.266,0.0617,0.292,69,275320
186,ivy,evermore (deluxe version),1/7/2021,10,43Ykum9T72UOPhBN31grpN,spotify:track:43Ykum9T72UOPhBN31grpN,0.855,0.515,0.545,1.97E-05,0.0921,-9.277,0.0353,0.535,70,260440
187,cowboy like me,evermore (deluxe version),1/7/2021,11,52OkpDsU6MmPx1AwGOb6Ap,spotify:track:52OkpDsU6MmPx1AwGOb6Ap,0.768,0.604,0.517,0.000155,0.123,-9.014,0.0347,0.511,69,275040
188,long story short,evermore (deluxe version),1/7/2021,12,5VYWxXUpxuxEmCqMLDqICo,spotify:track:5VYWxXUpxuxEmCqMLDqICo,0.66,0.546,0.73,0.179,0.0972,-7.704,0.0417,0.573,69,215920
189,marjorie,evermore (deluxe version),1/7/2021,13,5uICWmZTLkpEVbK22PBP6e,spotify:track:5uICWmZTLkpEVbK22PBP6e,0.876,0.535,0.561,0.000136,0.115,-11.609,0.0484,0.287,70,257773
190,closure,evermore (deluxe version),1/7/2021,14,6a8aUhYbaQBUI8PcJ5ZmQ6,spotify:track:6a8aUhYbaQBUI8PcJ5ZmQ6,0.835,0.689,0.704,4.83E-06,0.134,-10.813,0.245,0.92,67,180653
191,evermore (feat. Bon Iver),evermore (deluxe version),1/7/2021,15,6Wlq9rqkxrqj5Kls4Kw14H,spotify:track:6Wlq9rqkxrqj5Kls4Kw14H,0.937,0.39,0.27,0.00227,0.111,-10.673,0.0308,0.32,70,304106
192,right where you left me - bonus track,evermore (deluxe version),1/7/2021,16,3zwMVvkBe2qIKDObWgXw4N,spotify:track:3zwMVvkBe2qIKDObWgXw4N,0.769,0.581,0.619,0.000106,0.117,-6.524,0.0282,0.645,81,245026
193,it’s time to go - bonus track,evermore (deluxe version),1/7/2021,17,1kdWw77ZpYOkhxeuhzU1j6,spotify:track:1kdWw77ZpYOkhxeuhzU1j6,0.801,0.592,0.41,1.39E-05,0.09,-12.426,0.0397,0.416,72,254640
194,willow,evermore,12/11/2020,1,0lx2cLdOt3piJbcaXIV74f,spotify:track:0lx2cLdOt3piJbcaXIV74f,0.833,0.392,0.574,0.00179,0.145,-9.195,0.17,0.529,80,214706
195,champagne problems,evermore,12/11/2020,2,0sY6ZUTh4yoctD8VIXz339,spotify:track:0sY6ZUTh4yoctD8VIXz339,0.92,0.462,0.24,0,0.113,-12.077,0.0377,0.32,81,244000
196,gold rush,evermore,12/11/2020,3,5BK0uqwY9DNfZ630STAEaq,spotify:track:5BK0uqwY9DNfZ630STAEaq,0.83,0.512,0.462,0.166,0.121,-10.491,0.0408,0.353,73,185320
197,‘tis the damn season,evermore,12/11/2020,4,7dW84mWkdWE5a6lFWxJCBG,spotify:track:7dW84mWkdWE5a6lFWxJCBG,0.735,0.575,0.434,6.59E-05,0.105,-8.193,0.0312,0.348,74,229840
198,tolerate it,evermore,12/11/2020,5,0PurA4JVJ8YQgSVopY8fn6,spotify:track:0PurA4JVJ8YQgSVopY8fn6,0.878,0.316,0.361,2.67E-05,0.0797,-10.381,0.0488,0.221,78,245440
199,"no body, no crime (feat. HAIM)",evermore,12/11/2020,6,3RaT22zZsxVYxxKR7TAaYF,spotify:track:3RaT22zZsxVYxxKR7TAaYF,0.418,0.546,0.613,0,0.103,-7.589,0.0264,0.535,70,215626
200,happiness,evermore,12/11/2020,7,73YUReisjb3A9ActdLLjJQ,spotify:track:73YUReisjb3A9ActdLLjJQ,0.87,0.559,0.334,0,0.114,-10.733,0.0376,0.211,69,315146
201,dorothea,evermore,12/11/2020,8,670fUmXf4KQekzbEgaXyPA,spotify:track:670fUmXf4KQekzbEgaXyPA,0.696,0.605,0.488,0,0.129,-8.322,0.0264,0.354,67,225880
202,coney island (feat. The National),evermore,12/11/2020,9,3k7ne7VmH43ZPWxPdvPUgR,spotify:track:3k7ne7VmH43ZPWxPdvPUgR,0.819,0.537,0.537,0.000904,0.142,-11.266,0.0617,0.292,66,275320
203,ivy,evermore,12/11/2020,10,19CSr8rwW05VJL2F91KFNK,spotify:track:19CSr8rwW05VJL2F91KFNK,0.855,0.515,0.545,1.97E-05,0.0921,-9.277,0.0353,0.535,72,260440
204,cowboy like me,evermore,12/11/2020,11,1XjHRolIXL2M1EEOUsGGR4,spotify:track:1XjHRolIXL2M1EEOUsGGR4,0.768,0.604,0.517,0.000155,0.123,-9.014,0.0347,0.511,70,275040
205,long story short,evermore,12/11/2020,12,2o2sgVJIgFXk8GQjWTgI6U,spotify:track:2o2sgVJIgFXk8GQjWTgI6U,0.66,0.546,0.73,NA,0.0972,-7.704,0.0417,0.573,66,215920
206,marjorie,evermore,12/11/2020,13,12ntTeqEeTg7GAVpe8Mhpl,spotify:track:12ntTeqEeTg7GAVpe8Mhpl,0.876,0.535,0.561,0.000136,0.115,-11.609,0.0484,0.287,98,257773
207,closure,evermore,12/11/2020,14,35rdVq36LMHQX0Suw9a6tK,spotify:track:35rdVq36LMHQX0Suw9a6tK,0.835,0.689,0.704,4.83E-06,0.134,-10.813,0.245,0.92,64,180653
208,evermore (feat. Bon Iver),evermore,12/11/2020,15,3O5osWf1rSoKMwe6E9ZaXP,spotify:track:3O5osWf1rSoKMwe6E9ZaXP,0.937,0.39,0.27,0.00227,0.111,-10.673,0.0308,0.32,68,304106
209,the 1,folklore: the long pond studio sessions (from the Disney+ special) [deluxe edition],11/25/2020,1,0P9wLFurlgumLXuqFEpw52,spotify:track:0P9wLFurlgumLXuqFEpw52,0.75,0.78,0.361,7.14E-06,0.108,-6.942,0.048,0.163,53,210240
210,cardigan,folklore: the long pond studio sessions (from the Disney+ special) [deluxe edition],11/25/2020,2,7zcnlq38eqNWyUF6eNaB5Z,spotify:track:7zcnlq38eqNWyUF6eNaB5Z,0.525,0.612,0.58,0.000414,0.26,-8.572,0.0419,0.534,54,239560
211,the last great american dynasty,folklore: the long pond studio sessions (from the Disney+ special) [deluxe edition],11/25/2020,3,4ojxSyrEraN7d46BMBPThZ,spotify:track:4ojxSyrEraN7d46BMBPThZ,0.481,0.688,0.653,0.00414,0.106,-8.558,0.0403,0.701,52,231000
212,exile (feat. Bon Iver),folklore: the long pond studio sessions (from the Disney+ special) [deluxe edition],11/25/2020,4,6kz2hkq1xQvDqPcUyBkw8f,spotify:track:6kz2hkq1xQvDqPcUyBkw8f,0.761,0.31,0.374,2.46E-05,0.11,-8.464,0.0275,0.16,53,285640
213,my tears ricochet,folklore: the long pond studio sessions (from the Disney+ special) [deluxe edition],11/25/2020,5,0Oju1YcbPCJuUQQWoZNdJK,spotify:track:0Oju1YcbPCJuUQQWoZNdJK,0.814,0.456,0.265,0,0.0679,-10.663,0.0328,0.112,52,255893
214,mirrorball,folklore: the long pond studio sessions (from the Disney+ special) [deluxe edition],11/25/2020,6,5jQyGzcwqAxwT5QUIMivoX,spotify:track:5jQyGzcwqAxwT5QUIMivoX,0.686,0.549,0.417,1.90E-06,0.0604,-10.064,0.035,0.347,51,208973
215,seven,folklore: the long pond studio sessions (from the Disney+ special) [deluxe edition],11/25/2020,7,2vJ7QvyCiR4DaHxwO58izA,spotify:track:2vJ7QvyCiR4DaHxwO58izA,0.888,0.602,0.494,2.59E-05,0.0902,-10.813,0.0277,0.374,50,208906
216,august,folklore: the long pond studio sessions (from the Disney+ special) [deluxe edition],11/25/2020,8,1UHoF9p75IVsvUt6WdTYhn,spotify:track:1UHoF9p75IVsvUt6WdTYhn,0.553,0.387,0.634,6.93E-05,0.0931,-9.222,0.0363,0.42,52,261920
217,this is me trying,folklore: the long pond studio sessions (from the Disney+ special) [deluxe edition],11/25/2020,9,5DnDBYrfGoxdnomqEAkFIv,spotify:track:5DnDBYrfGoxdnomqEAkFIv,0.312,0.511,0.478,2.30E-05,0.147,-9.837,0.0322,0.408,51,195106
218,illicit affairs,folklore: the long pond studio sessions (from the Disney+ special) [deluxe edition],11/25/2020,10,7CVTowKpGPA2MsIbkTl2oc,spotify:track:7CVTowKpGPA2MsIbkTl2oc,0.862,0.529,0.304,0,0.108,-10.567,0.0356,0.44,51,190893
219,invisible string,folklore: the long pond studio sessions (from the Disney+ special) [deluxe edition],11/25/2020,11,4WHIqhrbdva5vQSrCuet3l,spotify:track:4WHIqhrbdva5vQSrCuet3l,0.859,0.651,0.459,6.63E-05,0.105,-11.128,0.0507,0.454,51,252880
220,mad woman,folklore: the long pond studio sessions (from the Disney+ special) [deluxe edition],11/25/2020,12,7klXN6RCN5Rj0VeYO5gBzU,spotify:track:7klXN6RCN5Rj0VeYO5gBzU,0.67,0.593,0.7,6.77E-06,0.116,-9.016,0.0492,0.451,49,237266
221,epiphany,folklore: the long pond studio sessions (from the Disney+ special) [deluxe edition],11/25/2020,13,5MFjHn1qfR9AsWuyzJLk1z,spotify:track:5MFjHn1qfR9AsWuyzJLk1z,0.727,0.317,0.254,0.000326,0.0867,-13.679,0.0286,0.103,48,289746
222,betty,folklore: the long pond studio sessions (from the Disney+ special) [deluxe edition],11/25/2020,14,2jhfs6moEAK13eLM6xim4l,spotify:track:2jhfs6moEAK13eLM6xim4l,0.589,0.595,0.376,0,0.0989,-8.767,0.0256,0.476,49,294520
223,peace,folklore: the long pond studio sessions (from the Disney+ special) [deluxe edition],11/25/2020,15,0O9i6jhscByEJs1ipy5hu4,spotify:track:0O9i6jhscByEJs1ipy5hu4,0.916,0.644,0.284,1.50E-05,0.0909,-12.879,0.0821,0.328,48,234000
224,hoax,folklore: the long pond studio sessions (from the Disney+ special) [deluxe edition],11/25/2020,16,4XCYmu7QLySdIahgBALKJK,spotify:track:4XCYmu7QLySdIahgBALKJK,NA,NA,NA,NA,NA,NA,NA,NA,NA,220040
225,the lakes - bonus track,folklore: the long pond studio sessions (from the Disney+ special) [deluxe edition],11/25/2020,17,0zEprKYeuGOIZoHyu6O1E2,spotify:track:0zEprKYeuGOIZoHyu6O1E2,0.842,0.313,0.258,1.30E-06,0.0948,-11.532,0.0383,0.268,49,211813
226,the 1 - the long pond studio sessions,folklore: the long pond studio sessions (from the Disney+ special) [deluxe edition],11/25/2020,1,08J4bMHbILkwSIhbtrcvjN,spotify:track:08J4bMHbILkwSIhbtrcvjN,0.898,0.708,0.25,0.026,0.102,-10.731,0.0361,0.156,58,219893
227,cardigan - the long pond studio sessions,folklore: the long pond studio sessions (from the Disney+ special) [deluxe edition],11/25/2020,2,3EPgWM1zfTSzEc0z4AwWTM,spotify:track:3EPgWM1zfTSzEc0z4AwWTM,0.88,0.395,0.234,0,0.107,-9.704,0.0382,0.247,60,230680
228,the last great american dynasty - the long pond studio sessions,folklore: the long pond studio sessions (from the Disney+ special) [deluxe edition],11/25/2020,3,28tIMaewZuGR8urkvFhQyA,spotify:track:28tIMaewZuGR8urkvFhQyA,0.743,0.64,0.618,0.004,0.0574,-11.715,NA,0.614,56,232346
229,exile (feat. Bon Iver) - the long pond studio sessions,folklore: the long pond studio sessions (from the Disney+ special) [deluxe edition],11/25/2020,4,7N015NTIWGjQDddHUdHPoO,spotify:track:7N015NTIWGjQDddHUdHPoO,0.848,0.359,0.305,6.74E-05,0.111,-10.295,0.0306,0.108,57,279893
230,my tears ricochet - the long pond studio sessions,folklore: the long pond studio sessions (from the Disney+ special) [deluxe edition],11/25/2020,5,5mdNyCS7ttVcAyVYOIFEjs,spotify:track:5mdNyCS7ttVcAyVYOIFEjs,0.946,0.531,0.172,1.01E-05,0.0615,-12.34,0.0351,0.168,60,295173
231,mirrorball - the long pond studio sessions,folklore: the long pond studio sessions (from the Disney+ special) [deluxe edition],11/25/2020,6,2yceD2hx5HhOLgkm1CITCi,spotify:track:2yceD2hx5HhOLgkm1CITCi,0.78,0.509,0.386,3.45E-05,0.118,-8.434,0.0272,0.109,57,237373
232,seven - the long pond studio sessions,folklore: the long pond studio sessions (from the Disney+ special) [deluxe edition],11/25/2020,7,4cOWq0cVsKjxaQpRMbDoH1,spotify:track:4cOWq0cVsKjxaQpRMbDoH1,0.914,0.694,0.449,0.000126,0.1,-11.49,0.0301,0.363,56,208986
233,august - the long pond studio sessions,folklore: the long pond studio sessions (from the Disney+ special) [deluxe edition],11/25/2020,8,4MGexoZc12lqE0hYkq9YYx,spotify:track:4MGexoZc12lqE0hYkq9YYx,0.5,0.554,0.663,4.77E-05,0.791,-8.961,0.0324,0.545,58,260000
234,this is me trying - the long pond studio sessions,folklore: the long pond studio sessions (from the Disney+ special) [deluxe edition],11/25/2020,9,1gaLZjPrDnHQWJds2Jg4KT,spotify:track:1gaLZjPrDnHQWJds2Jg4KT,0.928,0.435,0.332,0.000898,0.0867,-11.611,0.031,0.157,59,209293
235,illicit affairs - the long pond studio sessions,folklore: the long pond studio sessions (from the Disney+ special) [deluxe edition],11/25/2020,10,560uQyz3p5G9WdnMX39xc6,spotify:track:560uQyz3p5G9WdnMX39xc6,0.883,0.489,0.235,0,0.113,-10.274,0.0356,0.435,58,183720
236,invisible string - the long pond studio sessions,folklore: the long pond studio sessions (from the Disney+ special) [deluxe edition],11/25/2020,11,5KByGq0JijSSDcy0qzuINs,spotify:track:5KByGq0JijSSDcy0qzuINs,0.942,0.59,0.282,4.85E-06,0.11,-10.542,0.0281,0.351,56,257359
237,mad woman - the long pond studio sessions,folklore: the long pond studio sessions (from the Disney+ special) [deluxe edition],11/25/2020,12,04xrhDrQ2WOW8GLwu7kbc0,spotify:track:04xrhDrQ2WOW8GLwu7kbc0,0.887,0.663,0.465,0.000168,0.109,-10.463,0.0408,0.346,54,238333
238,epiphany - the long pond studio sessions,folklore: the long pond studio sessions (from the Disney+ special) [deluxe edition],11/25/2020,13,4yyKppX85ZkmlGOC2toBZA,spotify:track:4yyKppX85ZkmlGOC2toBZA,0.916,0.524,0.2,0.000392,0.068,-13.004,0.0274,0.113,54,274880
239,betty - the long pond studio sessions,folklore: the long pond studio sessions (from the Disney+ special) [deluxe edition],11/25/2020,14,1mh5dObNoOvCfHmXnhvDEK,spotify:track:1mh5dObNoOvCfHmXnhvDEK,0.841,0.538,0.316,0,0.119,-9.5,0.0299,0.518,56,290040
240,peace - the long pond studio sessions,folklore: the long pond studio sessions (from the Disney+ special) [deluxe edition],11/25/2020,15,4YHHz3VIXgNDGdoL9xC1tx,spotify:track:4YHHz3VIXgNDGdoL9xC1tx,0.93,0.619,0.344,7.61E-05,0.0734,-11.472,0.0647,0.513,55,214373
241,hoax - the long pond studio sessions,folklore: the long pond studio sessions (from the Disney+ special) [deluxe edition],11/25/2020,16,0QTBsdoJhamY3Aid3fOsOd,spotify:track:0QTBsdoJhamY3Aid3fOsOd,0.962,0.682,0.155,0,0.18,-13.083,0.0394,0.483,56,221800
242,the lakes - the long pond studio sessions,folklore: the long pond studio sessions (from the Disney+ special) [deluxe edition],11/25/2020,17,6mqyTq948oap5AkyTsd6XF,spotify:track:6mqyTq948oap5AkyTsd6XF,0.794,0.606,0.221,0,0.0888,-11.767,0.0468,0.112,57,199733
243,the 1,folklore (deluxe version),8/18/2020,1,4pfrrhvplbJZAIsfosGWQP,spotify:track:4pfrrhvplbJZAIsfosGWQP,0.75,0.78,0.361,7.14E-06,0.108,-6.942,0.048,0.163,72,210240
244,cardigan,folklore (deluxe version),8/18/2020,2,0KRYCBwIpWYFNrXOmXbyUh,spotify:track:0KRYCBwIpWYFNrXOmXbyUh,0.525,0.612,0.58,0.000414,0.26,NA,0.0419,0.534,73,239560
245,the last great american dynasty,folklore (deluxe version),8/18/2020,3,2olxzvoFI9IpxqFeUv7WOX,spotify:track:2olxzvoFI9IpxqFeUv7WOX,0.481,0.688,0.653,0.00414,0.106,-8.558,0.0403,0.701,71,231000
246,exile (feat. Bon Iver),folklore (deluxe version),8/18/2020,4,5S4aYQAJOwJMAamANWlICO,spotify:track:5S4aYQAJOwJMAamANWlICO,0.761,0.31,0.374,2.46E-05,0.11,-8.464,0.0275,0.16,72,285640
247,my tears ricochet,folklore (deluxe version),8/18/2020,5,5P2bHCDM2tsgIaYWsZMhu5,spotify:track:5P2bHCDM2tsgIaYWsZMhu5,0.814,0.456,0.265,0,0.0679,-10.663,0.0328,0.112,72,255893
248,mirrorball,folklore (deluxe version),8/18/2020,6,2I8YAEA1VmCuP1wkJHMpTw,spotify:track:2I8YAEA1VmCuP1wkJHMpTw,0.686,0.549,0.417,1.90E-06,0.0604,-10.064,0.035,0.347,71,208973
249,seven,folklore (deluxe version),8/18/2020,7,76mOLcXOjOEhyY4mMF1l3r,spotify:track:76mOLcXOjOEhyY4mMF1l3r,0.888,0.602,0.494,2.59E-05,0.0902,-10.813,0.0277,0.374,70,208906
250,august,folklore (deluxe version),8/18/2020,8,6nK2pIKFcRc5frrZKHgsiT,spotify:track:6nK2pIKFcRc5frrZKHgsiT,0.553,0.387,0.634,6.93E-05,0.0931,-9.222,0.0363,0.42,71,261920
251,this is me trying,folklore (deluxe version),8/18/2020,9,7cm50Lw03k6VvRauJtkyTj,spotify:track:7cm50Lw03k6VvRauJtkyTj,0.312,0.511,0.478,2.30E-05,0.147,-9.837,0.0322,0.408,70,195106
252,illicit affairs,folklore (deluxe version),8/18/2020,10,6DrLROM5MG9bxWHeEG5elq,spotify:track:6DrLROM5MG9bxWHeEG5elq,0.862,0.529,0.304,0,0.108,-10.567,0.0356,0.44,71,190893
253,invisible string,folklore (deluxe version),8/18/2020,11,2ehRU518I0hYqMGQnk4lDY,spotify:track:2ehRU518I0hYqMGQnk4lDY,0.859,0.651,0.459,6.63E-05,0.105,-11.128,0.0507,0.454,71,252880
254,mad woman,folklore (deluxe version),8/18/2020,12,0RP1kqoSPkVXsKiQNhMKzV,spotify:track:0RP1kqoSPkVXsKiQNhMKzV,0.67,0.593,0.7,6.77E-06,0.116,-9.016,0.0492,0.451,68,237266
255,epiphany,folklore (deluxe version),8/18/2020,13,1EXa37LpSvi3OQ9UYQ28rD,spotify:track:1EXa37LpSvi3OQ9UYQ28rD,0.727,0.317,0.254,0.000326,0.0867,-13.679,0.0286,0.103,67,289746
256,betty,folklore (deluxe version),8/18/2020,14,3IhtE4fkytdrtEfV34UzkD,spotify:track:3IhtE4fkytdrtEfV34UzkD,0.589,0.595,0.376,0,0.0989,-8.767,0.0256,0.476,69,294520
257,peace,folklore (deluxe version),8/18/2020,15,6JlI8Ay77m4nJvZTHvfT1J,spotify:track:6JlI8Ay77m4nJvZTHvfT1J,0.916,0.644,0.284,1.50E-05,0.0909,-12.879,0.0821,0.328,67,234000
258,hoax,folklore (deluxe version),8/18/2020,16,0YeDG5HnKnG7jpArkzsSPa,spotify:track:0YeDG5HnKnG7jpArkzsSPa,NA,NA,NA,NA,NA,NA,NA,NA,NA,220040
259,the lakes - bonus track,folklore (deluxe version),8/18/2020,17,0eFQWVz0qIxDOvhLpZ40P7,spotify:track:0eFQWVz0qIxDOvhLpZ40P7,0.842,0.313,0.258,1.30E-06,0.0948,-11.532,0.0383,0.268,71,211813
260,the 1,folklore,7/24/2020,1,0Jlcvv8IykzHaSmj49uNW8,spotify:track:0Jlcvv8IykzHaSmj49uNW8,0.757,0.777,0.357,7.28E-06,0.108,-6.942,0.0522,0.172,79,210251
261,cardigan,folklore,7/24/2020,2,4R2kfaDFhslZEMJqAFNpdd,spotify:track:4R2kfaDFhslZEMJqAFNpdd,0.537,0.613,0.581,0.000345,0.25,-8.588,0.0424,0.551,89,239560
262,the last great american dynasty,folklore,7/24/2020,3,2Eeur20xVqfUoM3Q7EFPFt,spotify:track:2Eeur20xVqfUoM3Q7EFPFt,0.467,0.686,0.662,0.0023,0.109,-8.505,0.0413,0.706,75,230999
263,exile (feat. Bon Iver),folklore,7/24/2020,4,4pvb0WLRcMtbPGmtejJJ6y,spotify:track:4pvb0WLRcMtbPGmtejJJ6y,0.778,0.298,0.38,NA,0.11,-8.426,0.0287,0.152,81,285634
264,my tears ricochet,folklore,7/24/2020,5,1MgV7FIyNxIG7WzMRJV5HC,spotify:track:1MgV7FIyNxIG7WzMRJV5HC,0.806,0.456,0.263,0,0.0749,-10.63,0.0332,0.111,80,255893
265,mirrorball,folklore,7/24/2020,6,0ZNU020wNYvgW84iljPkPP,spotify:track:0ZNU020wNYvgW84iljPkPP,0.687,0.553,0.413,2.33E-06,0.0594,-10.037,0.0334,0.379,79,208977
266,seven,folklore,7/24/2020,7,6KJqZcs9XDgVck7Lg9QOTC,spotify:track:6KJqZcs9XDgVck7Lg9QOTC,0.9,0.596,0.488,2.70E-05,0.091,-10.769,0.0274,0.415,75,208906
267,august,folklore,7/24/2020,8,3hUxzQpSfdDqwM3ZTFQY0K,spotify:track:3hUxzQpSfdDqwM3ZTFQY0K,0.538,0.532,0.623,7.28E-05,0.0925,-9.208,NA,0.403,88,261922
268,this is me trying,folklore,7/24/2020,9,7kt9e9LFSpN1zQtYEl19o1,spotify:track:7kt9e9LFSpN1zQtYEl19o1,0.314,0.515,0.476,4.74E-05,0.171,-9.843,0.0328,0.412,78,195097
269,illicit affairs,folklore,7/24/2020,10,2NmsngXHeC1GQ9wWrzhOMf,spotify:track:2NmsngXHeC1GQ9wWrzhOMf,0.881,0.559,0.31,0,0.106,-10.445,0.0338,0.46,79,190898
270,invisible string,folklore,7/24/2020,11,6VsvKPJ4xjVNKpI8VVZ3SV,spotify:track:6VsvKPJ4xjVNKpI8VVZ3SV,0.838,0.653,0.452,7.73E-05,0.108,-11.143,0.055,0.45,77,252880
271,mad woman,folklore,7/24/2020,12,2QDyYdZyhlP2fp79KZX8Bi,spotify:track:2QDyYdZyhlP2fp79KZX8Bi,0.655,0.592,0.699,1.68E-05,0.114,-8.995,0.0471,0.506,70,237258
272,epiphany,folklore,7/24/2020,13,08fa9LFcFBTcilB3iq2e2A,spotify:track:08fa9LFcFBTcilB3iq2e2A,0.731,0.354,0.267,0.000402,0.0858,-13.69,0.0281,0.113,69,289749
273,betty,folklore,7/24/2020,14,5kI4eCXXzyuIUXjQra0Cxi,spotify:track:5kI4eCXXzyuIUXjQra0Cxi,0.6,0.593,0.377,0,0.0976,-8.761,0.0253,0.502,76,294521
274,peace,folklore,7/24/2020,15,7MbT4I8qGntX4fMdqMQgke,spotify:track:7MbT4I8qGntX4fMdqMQgke,0.918,0.647,0.272,1.73E-05,0.0918,-12.906,0.0916,0.339,70,234000
275,hoax,folklore,7/24/2020,16,6MWoRt97mnSTXZhu3ggi9C,spotify:track:6MWoRt97mnSTXZhu3ggi9C,0.966,0.662,0.181,3.86E-06,0.133,-15.065,0.0415,0.429,70,220042
276,I Forgot That You Existed,Lover,8/23/2019,1,43rA71bccXFGD4C8GOpIlN,spotify:track:43rA71bccXFGD4C8GOpIlN,0.298,0.664,0.316,2.03E-06,0.0812,-10.345,0.519,0.541,74,170640
277,Cruel Summer,Lover,8/23/2019,2,1BxfuPKGuaTgP7aM0Bbdwr,spotify:track:1BxfuPKGuaTgP7aM0Bbdwr,0.117,0.552,0.702,2.06E-05,0.105,-5.707,0.157,0.564,NA,178426
278,Lover,Lover,8/23/2019,3,1dGr1c8CrMLDpV6mPbImSI,spotify:track:1dGr1c8CrMLDpV6mPbImSI,0.492,0.359,0.543,1.58E-05,0.118,-7.582,0.0919,0.453,NA,221306
279,The Man,Lover,8/23/2019,4,3RauEVgRgj1IuWdJ9fDs70,spotify:track:3RauEVgRgj1IuWdJ9fDs70,0.0767,0.777,0.658,0,0.0901,-5.191,0.054,0.633,84,190360
280,The Archer,Lover,8/23/2019,5,3pHkh7d0lzM2AldUtz2x37,spotify:track:3pHkh7d0lzM2AldUtz2x37,0.12,0.292,0.574,0.00569,0.0663,-9.375,0.0401,0.166,80,211240
281,I Think He Knows,Lover,8/23/2019,6,2YWtcWi3a83pdEg3Gif4Pd,spotify:track:2YWtcWi3a83pdEg3Gif4Pd,0.00889,0.897,0.366,0.000353,0.0715,-8.029,0.0569,0.416,76,173386
282,Miss Americana & The Heartbreak Prince,Lover,8/23/2019,7,214nt20w5wOxJnY462klLw,spotify:track:214nt20w5wOxJnY462klLw,0.028,0.662,0.747,0.00615,0.138,-6.926,0.0736,0.487,81,234146
283,Paper Rings,Lover,8/23/2019,8,4y5bvROuBDPr5fuwXbIBZR,spotify:track:4y5bvROuBDPr5fuwXbIBZR,0.0129,0.811,0.719,1.36E-05,0.0742,-6.553,0.0497,0.865,84,222400
284,Cornelia Street,Lover,8/23/2019,9,12M5uqx0ZuwkpLp5rJim1a,spotify:track:12M5uqx0ZuwkpLp5rJim1a,0.781,0.824,0.624,0.000189,0.1,-9.728,0.0827,0.248,79,287266
285,Death By A Thousand Cuts,Lover,8/23/2019,10,2dgFqt3w9xIQRjhPtwNk3D,spotify:track:2dgFqt3w9xIQRjhPtwNk3D,0.454,0.712,0.732,0,0.319,-6.754,0.0629,0.313,77,198533
286,London Boy,Lover,8/23/2019,11,1LLXZFeAHK9R4xUramtUKw,spotify:track:1LLXZFeAHK9R4xUramtUKw,0.0246,0.695,0.71,0.000104,0.133,-6.639,0.05,0.557,78,190240
287,Soon You’ll Get Better (feat. The Chicks),Lover,8/23/2019,12,4AYtqFyFbX0Xkc2wtcygTr,spotify:track:4AYtqFyFbX0Xkc2wtcygTr,0.907,0.433,0.182,0,0.123,-12.566,0.0641,0.421,70,201586
288,False God,Lover,8/23/2019,13,5hQSXkFgbxjZo9uCwd11so,spotify:track:5hQSXkFgbxjZo9uCwd11so,0.736,0.739,0.32,0.000147,0.111,-10.862,0.239,0.351,76,200306
289,You Need To Calm Down,Lover,8/23/2019,14,6RRNNciQGZEXnqk8SQ9yv5,spotify:track:6RRNNciQGZEXnqk8SQ9yv5,0.00929,0.771,0.671,0,0.0637,-5.617,0.0553,0.714,81,171360
290,Afterglow,Lover,8/23/2019,15,1SymEzIT3H8UZfibCs3TYi,spotify:track:1SymEzIT3H8UZfibCs3TYi,0.13,0.756,0.449,0,0.114,-8.746,0.0344,0.399,80,223293
291,ME! (feat. Brendon Urie of Panic! At The Disco),Lover,8/23/2019,16,2Rk4JlNc2TPmZe2af99d45,spotify:track:2Rk4JlNc2TPmZe2af99d45,0.033,0.61,0.83,0,0.118,-4.105,0.0571,0.728,78,193000
292,It’s Nice To Have A Friend,Lover,8/23/2019,17,1SmiQ65iSAbPto6gPFlBYm,spotify:track:1SmiQ65iSAbPto6gPFlBYm,0.971,0.737,0.175,0.000337,0.171,-9.912,0.0401,0.545,70,150440
293,Daylight,Lover,8/23/2019,18,1fzAuUVbzlhZ1lJAx9PtY6,spotify:track:1fzAuUVbzlhZ1lJAx9PtY6,0.808,0.557,0.496,0.000173,0.0772,-9.602,0.0563,0.265,83,293453
294,...Ready For It?,reputation,11/10/2017,1,2yLa0QULdQr0qAIvVwN6B5,spotify:track:2yLa0QULdQr0qAIvVwN6B5,0.0527,0.613,0.764,0,0.197,-6.509,0.136,0.417,83,208186
295,End Game,reputation,11/10/2017,2,2x0WlnmfG39ZuDmstl9xfX,spotify:track:2x0WlnmfG39ZuDmstl9xfX,0.00845,0.649,0.589,0,0.108,-6.237,0.0558,0.151,80,244826
296,I Did Something Bad,reputation,11/10/2017,3,4svZDCRz4cJoneBpjpx8DJ,spotify:track:4svZDCRz4cJoneBpjpx8DJ,0.0679,0.696,0.602,2.11E-05,0.0696,-6.156,0.159,0.305,81,238253
297,Don’t Blame Me,reputation,11/10/2017,4,1R0a2iXumgCiFb7HEZ7gUE,spotify:track:1R0a2iXumgCiFb7HEZ7gUE,0.106,0.615,0.534,1.76E-05,0.0607,-6.719,0.0386,0.193,89,236413
298,Delicate,reputation,11/10/2017,5,6NFyWDv5CjfwuzoCkw47Xf,spotify:track:6NFyWDv5CjfwuzoCkw47Xf,0.216,0.75,0.404,0.000357,0.0911,-10.178,0.0682,0.0499,85,232253
299,Look What You Made Me Do,reputation,11/10/2017,6,1P17dC1amhFzptugyAO7Il,spotify:track:1P17dC1amhFzptugyAO7Il,0.204,0.766,0.709,1.41E-05,0.126,-6.471,0.123,0.506,86,211853
300,So It Goes...,reputation,11/10/2017,7,5PxFv9yJEg9dxvbZggykro,spotify:track:5PxFv9yJEg9dxvbZggykro,0.122,0.574,0.61,1.10E-06,0.13,-7.283,0.0732,0.374,75,227906
301,Gorgeous,reputation,11/10/2017,8,1ZY1PqizIl78geGM4xWlEA,spotify:track:1ZY1PqizIl78geGM4xWlEA,0.0713,0.8,0.535,9.48E-06,0.213,-6.684,0.135,0.451,82,209680
302,Getaway Car,reputation,11/10/2017,9,0VE4kBnHJUgtMf0dy6DRmW,spotify:track:0VE4kBnHJUgtMf0dy6DRmW,0.00465,0.562,0.689,2.23E-06,0.0888,-6.745,0.127,0.351,85,233626
303,King Of My Heart,reputation,11/10/2017,10,7HuBDWi18s4aJM8UFnNheH,spotify:track:7HuBDWi18s4aJM8UFnNheH,0.00882,0.675,0.703,2.21E-06,0.0391,-7.902,0.0382,0.314,78,214320
304,Dancing With Our Hands Tied,reputation,11/10/2017,11,7I7JbDv63ZJJsSi24DyJrz,spotify:track:7I7JbDv63ZJJsSi24DyJrz,0.0604,0.624,0.691,1.10E-05,0.138,-6.686,0.196,0.284,77,211506
305,Dress,reputation,11/10/2017,12,6oVxXO5oQ4pTpO8RSnkzvv,spotify:track:6oVxXO5oQ4pTpO8RSnkzvv,0.0329,0.719,0.469,0,0.169,-8.792,0.0533,0.0851,80,230373
306,This Is Why We Can't Have Nice Things,reputation,11/10/2017,13,07NxDD1iKCHbAldceD7QLP,spotify:track:07NxDD1iKCHbAldceD7QLP,0.0156,0.567,0.789,0,0.382,-5.986,0.115,0.438,76,207133
307,Call It What You Want,reputation,11/10/2017,14,1GwMQaZz6Au3QLDbjbMdme,spotify:track:1GwMQaZz6Au3QLDbjbMdme,0.186,0.598,0.504,0.000221,0.34,-9.874,0.0731,0.252,80,203506
308,New Year’s Day,reputation,11/10/2017,15,7F5oktn5YOsR9eR5YsFtqb,spotify:track:7F5oktn5YOsR9eR5YsFtqb,0.921,0.661,0.151,0,0.13,-12.864,0.0354,0.23,NA,235466
309,All Too Well,reputation Stadium Tour Surprise Song Playlist,11/9/2017,1,00vJzaoxM3Eja1doBUhX0P,spotify:track:00vJzaoxM3Eja1doBUhX0P,0.0448,0.602,0.605,0.000334,0.128,-7.803,0.0244,0.316,39,329160
310,Wildest Dreams,reputation Stadium Tour Surprise Song Playlist,11/9/2017,2,22C0JIVhFaczZ4t9heqREN,spotify:track:22C0JIVhFaczZ4t9heqREN,0.0692,0.55,0.688,0.00144,0.106,-7.416,0.0897,0.465,42,220440
311,The Best Day,reputation Stadium Tour Surprise Song Playlist,11/9/2017,3,7APTsjmZbj7TFXQJAiRti4,spotify:track:7APTsjmZbj7TFXQJAiRti4,0.639,0.669,0.448,4.06E-06,0.158,-8.566,0.0285,0.383,34,246306
312,Red,reputation Stadium Tour Surprise Song Playlist,11/9/2017,4,4V9NuhKQcUFt4cgbynHV79,spotify:track:4V9NuhKQcUFt4cgbynHV79,0.0779,0.605,0.899,0.000125,0.0911,-4.273,0.0423,0.647,37,223093
313,Holy Ground,reputation Stadium Tour Surprise Song Playlist,11/9/2017,5,4hCZk6WJBFQeG3P7WsyntI,spotify:track:4hCZk6WJBFQeG3P7WsyntI,0.0162,0.627,0.816,0.00208,0.0965,-6.698,0.0774,0.648,33,202960
314,Teardrops On My Guitar - Radio Single Remix,reputation Stadium Tour Surprise Song Playlist,11/9/2017,6,7eGeUVeCEvEQrivmjl9Qn3,spotify:track:7eGeUVeCEvEQrivmjl9Qn3,0.313,0.626,0.427,0,0.138,-6.993,0.0234,0.263,36,204706
315,Our Song,reputation Stadium Tour Surprise Song Playlist,11/9/2017,7,7qGr3rjRhndRIpFUA5f2HJ,spotify:track:7qGr3rjRhndRIpFUA5f2HJ,0.114,0.545,0.663,0,0.321,-5.05,0.0363,0.565,41,203440
316,22,reputation Stadium Tour Surprise Song Playlist,11/9/2017,8,2P5gfMtCcKP0CkmgqFMyPg,spotify:track:2P5gfMtCcKP0CkmgqFMyPg,0.00254,0.66,0.733,0.00146,0.0473,-6.564,0.0379,0.68,39,232120
317,I Knew You Were Trouble.,reputation Stadium Tour Surprise Song Playlist,11/9/2017,9,2o2IVjuqRkR9hJxtPjtAP0,spotify:track:2o2IVjuqRkR9hJxtPjtAP0,0.00476,0.536,0.464,2.67E-06,0.0357,-6.761,0.0412,0.665,40,219720
318,I Don’t Wanna Live Forever (Fifty Shades Darker),reputation Stadium Tour Surprise Song Playlist,11/9/2017,10,55n9yjI6qqXh5F2mYvUc2y,spotify:track:55n9yjI6qqXh5F2mYvUc2y,0.0586,0.731,0.445,1.96E-05,0.14,-8.418,0.0533,0.106,83,247160
319,Mean,reputation Stadium Tour Surprise Song Playlist,11/9/2017,11,5rcHBt2aNcGFWW0jaAUe1L,spotify:track:5rcHBt2aNcGFWW0jaAUe1L,0.451,0.576,0.754,0,0.223,-3.982,0.0428,0.79,36,238693
320,How You Get The Girl,reputation Stadium Tour Surprise Song Playlist,11/9/2017,12,3aSYZ4upQ6OSNos26YeVWL,spotify:track:3aSYZ4upQ6OSNos26YeVWL,0.00364,0.765,0.656,0.00868,0.0918,-6.112,0.0504,0.545,35,247533
321,So It Goes...,reputation Stadium Tour Surprise Song Playlist,11/9/2017,13,41T04yafZVrjNq2FqvLtId,spotify:track:41T04yafZVrjNq2FqvLtId,0.122,0.574,0.61,1.10E-06,0.13,-7.283,0.0732,0.374,57,227906
322,Fifteen,reputation Stadium Tour Surprise Song Playlist,11/9/2017,14,0H2UD0LfSCiRr59YMGlCuS,spotify:track:0H2UD0LfSCiRr59YMGlCuS,0.0717,0.55,0.628,0,0.138,-4.437,0.0269,0.211,33,295320
323,Mine,reputation Stadium Tour Surprise Song Playlist,11/9/2017,15,6FmJKLpyCt42nP2IOVEVc2,spotify:track:6FmJKLpyCt42nP2IOVEVc2,0.00302,0.621,0.779,3.22E-06,0.187,-2.943,0.0301,0.67,38,231866
324,Sparks Fly,reputation Stadium Tour Surprise Song Playlist,11/9/2017,16,5h2sBwpUSAndjObfU3ti2r,spotify:track:5h2sBwpUSAndjObfU3ti2r,0.041,0.61,0.782,0,0.16,-2.98,0.0309,0.399,35,262920
325,State Of Grace,reputation Stadium Tour Surprise Song Playlist,11/9/2017,17,0YRGTdfmJPALpglAaraYUr,spotify:track:0YRGTdfmJPALpglAaraYUr,0.000184,0.591,0.828,0.00113,0.0879,-5.895,0.0333,0.383,32,295720
326,Haunted,reputation Stadium Tour Surprise Song Playlist,11/9/2017,18,6CB7DczrX9ZJB9Wkjegmaq,spotify:track:6CB7DczrX9ZJB9Wkjegmaq,0.0648,0.431,0.949,0,0.0612,-2.622,0.0605,0.37,34,245413
327,Never Grow Up,reputation Stadium Tour Surprise Song Playlist,11/9/2017,19,1UPDfqsVIZLEiZeMuUsni2,spotify:track:1UPDfqsVIZLEiZeMuUsni2,0.824,0.714,0.309,0,0.136,-8.828,NA,0.545,32,292920
328,Treacherous,reputation Stadium Tour Surprise Song Playlist,11/9/2017,20,0r3U7SOcoj4DIEyN44Lt5z,spotify:track:0r3U7SOcoj4DIEyN44Lt5z,0.101,0.704,0.621,4.30E-06,0.14,-8.086,0.0334,0.395,31,242760
329,Babe,reputation Stadium Tour Surprise Song Playlist,11/9/2017,21,40PXEOFLJc7UIpLMrhSfW1,spotify:track:40PXEOFLJc7UIpLMrhSfW1,0.0221,0.577,0.784,0,0.125,-3.266,0.101,0.643,33,215106
330,Welcome To New York,reputation Stadium Tour Surprise Song Playlist,11/9/2017,22,3YLA3NgzFRRa7LiHMtFPby,spotify:track:3YLA3NgzFRRa7LiHMtFPby,0.0348,0.789,0.634,1.64E-06,0.302,-4.762,0.0323,0.658,35,212600
331,Fearless,reputation Stadium Tour Surprise Song Playlist,11/9/2017,23,43sE2O3skbGBpT2tO6fzv9,spotify:track:43sE2O3skbGBpT2tO6fzv9,0.0377,0.603,0.718,0,0.307,-4.401,0.0272,0.429,34,242973
332,Enchanted,reputation Stadium Tour Surprise Song Playlist,11/9/2017,24,5lg33MHs1BoUtJVClw8ZpI,spotify:track:5lg33MHs1BoUtJVClw8ZpI,0.0717,0.535,0.626,0.00127,0.158,-3.895,0.0274,0.218,46,353253
333,Change,reputation Stadium Tour Surprise Song Playlist,11/9/2017,25,5PSOWHll3h3Vy226xSJk0M,spotify:track:5PSOWHll3h3Vy226xSJk0M,0.00418,0.543,0.763,0,0.111,-4.206,0.0376,0.234,30,281053
334,Ours,reputation Stadium Tour Surprise Song Playlist,11/9/2017,26,0V3SNHDka1JSCP71HAzpxw,spotify:track:0V3SNHDka1JSCP71HAzpxw,0.469,0.61,0.56,0,0.087,-7.392,0.0279,0.228,34,239346
335,Out Of The Woods,reputation Stadium Tour Surprise Song Playlist,11/9/2017,27,0GmfiNHSgkKamYgQEMYOH3,spotify:track:0GmfiNHSgkKamYgQEMYOH3,0.000743,0.553,0.841,1.19E-05,0.341,-6.937,0.0396,0.338,37,235800
336,Come Back...Be Here,reputation Stadium Tour Surprise Song Playlist,11/9/2017,28,5hiqtrACtMJkNpaNHj0n9Z,spotify:track:5hiqtrACtMJkNpaNHj0n9Z,0.00471,0.483,0.548,2.01E-06,0.0997,-6.291,0.0254,0.217,32,223920
337,A Place in this World,reputation Stadium Tour Surprise Song Playlist,11/9/2017,29,2RSYYe7LhKFxIi50T5XtUo,spotify:track:2RSYYe7LhKFxIi50T5XtUo,0.0577,0.573,0.767,0,0.327,-2.929,0.0323,0.438,31,202080
338,This Love,reputation Stadium Tour Surprise Song Playlist,11/9/2017,30,64KRxmbqypPBlya4nxFmDn,spotify:track:64KRxmbqypPBlya4nxFmDn,0.678,0.481,0.435,0,0.0928,-8.795,0.0321,0.107,32,250093
339,The Lucky One,reputation Stadium Tour Surprise Song Playlist,11/9/2017,31,24ksPWXKg1k7OOG57pufED,spotify:track:24ksPWXKg1k7OOG57pufED,0.0352,0.706,0.505,0,0.13,-7.639,0.0358,0.561,30,240266
340,Invisible,reputation Stadium Tour Surprise Song Playlist,11/9/2017,32,0kqC185OTcnuhbz4T7g5RB,spotify:track:0kqC185OTcnuhbz4T7g5RB,0.56,0.609,0.383,0,0.165,-5.732,0.0243,0.224,31,205853
341,Breathe,reputation Stadium Tour Surprise Song Playlist,11/9/2017,33,3oxgFdIlxFEDEJqn7k5TVN,spotify:track:3oxgFdIlxFEDEJqn7k5TVN,0.416,0.442,0.48,0,0.129,-7.405,0.0281,0.167,34,264946
342,Better Man,reputation Stadium Tour Surprise Song Playlist,11/9/2017,34,3EXetjrGgwIjDRNn6YA8sa,spotify:track:3EXetjrGgwIjDRNn6YA8sa,0.123,0.502,0.843,0,0.0974,-3.648,0.0378,0.507,34,263613
343,Jump Then Fall,reputation Stadium Tour Surprise Song Playlist,11/9/2017,35,5zytSTR2g0I9psX2Z12ex6,spotify:track:5zytSTR2g0I9psX2Z12ex6,0.113,0.617,0.699,0,0.074,-5.712,0.0274,0.818,30,238093
344,Begin Again,reputation Stadium Tour Surprise Song Playlist,11/9/2017,36,2G679wnKfyhUOeNx910OXg,spotify:track:2G679wnKfyhUOeNx910OXg,0.199,0.53,0.526,3.52E-06,0.14,-8.349,0.0263,0.323,31,239426
345,Tied Together with a Smile,reputation Stadium Tour Surprise Song Playlist,11/9/2017,37,4qNEi8zGIYLiMtoW8OaJdx,spotify:track:4qNEi8zGIYLiMtoW8OaJdx,0.521,0.479,0.547,0,0.0728,-4.948,0.0275,0.238,31,251213
346,The Story Of Us,reputation Stadium Tour Surprise Song Playlist,11/9/2017,38,2fF3QzbGCrtrDXIdWcg1mv,spotify:track:2fF3QzbGCrtrDXIdWcg1mv,0.00556,0.547,0.808,0.000304,0.0587,-3.63,0.0398,0.65,33,267653
347,Forever & Always,reputation Stadium Tour Surprise Song Playlist,11/9/2017,39,0QCS4NpURHvWdF1icdkfBw,spotify:track:0QCS4NpURHvWdF1icdkfBw,0.0806,0.607,0.829,0,0.207,-5.02,0.0588,0.52,31,226293
348,Hey Stephen,reputation Stadium Tour Surprise Song Playlist,11/9/2017,40,0TYJbIHBtmWy9ugtU9BcbE,spotify:track:0TYJbIHBtmWy9ugtU9BcbE,0.191,0.843,0.541,1.85E-06,0.108,-7.361,0.0318,0.838,30,256040
349,Speak Now,reputation Stadium Tour Surprise Song Playlist,11/9/2017,41,1XLc4irbX7oQSneh6gWv3O,spotify:track:1XLc4irbX7oQSneh6gWv3O,0.0991,0.712,0.603,0,0.102,-3.753,0.0304,0.714,33,243346
350,Wonderland,reputation Stadium Tour Surprise Song Playlist,11/9/2017,42,0eTCaVOYLpJlSkbEi2jay4,spotify:track:0eTCaVOYLpJlSkbEi2jay4,0.0493,0.422,0.692,2.57E-05,0.177,-5.447,0.0549,0.197,37,245560
351,White Horse,reputation Stadium Tour Surprise Song Playlist,11/9/2017,43,4RMfSYDFkcz0bKoK8fHDgR,spotify:track:4RMfSYDFkcz0bKoK8fHDgR,0.314,0.578,0.348,0,0.1,-8.066,0.0257,0.218,31,235400
352,I'm Only Me When I'm With You,reputation Stadium Tour Surprise Song Playlist,11/9/2017,44,6Py8IKZqDyU8aQVrjilbJw,spotify:track:6Py8IKZqDyU8aQVrjilbJw,0.00454,0.556,0.933,0.000469,0.101,-3.685,0.072,0.521,33,215600
353,Starlight,reputation Stadium Tour Surprise Song Playlist,11/9/2017,45,7txpzmA69zyk50K3ZyZSzC,spotify:track:7txpzmA69zyk50K3ZyZSzC,0.0192,0.649,0.777,0.000487,0.234,-5.797,0.0391,0.616,31,220600
354,I Know Places,reputation Stadium Tour Surprise Song Playlist,11/9/2017,46,3qGLcmO0XnnrcpAQGZwTvA,spotify:track:3qGLcmO0XnnrcpAQGZwTvA,0.245,0.602,0.755,0,0.178,-4.991,0.071,0.495,33,195706
355,Welcome To New York,1989 (Deluxe Edition),10/27/2014,1,33Kq0AT5rvwyE4azisG08x,spotify:track:33Kq0AT5rvwyE4azisG08x,0.0348,0.789,0.634,1.64E-06,0.302,-4.762,0.0323,0.658,53,212600
356,Blank Space,1989 (Deluxe Edition),10/27/2014,2,2sC2P3BN0IXujNaaSyDmtP,spotify:track:2sC2P3BN0IXujNaaSyDmtP,0.103,0.76,0.703,0,0.0913,-5.412,0.054,0.57,57,231826
357,Style,1989 (Deluxe Edition),10/27/2014,3,1fo2ctLqj3zBhRQKOXprol,spotify:track:1fo2ctLqj3zBhRQKOXprol,0.00245,0.588,0.791,0.00258,0.118,-5.595,0.0402,0.487,61,231000
358,Out Of The Woods,1989 (Deluxe Edition),10/27/2014,4,6Nde5KuTXyB7jlPO4upaBo,spotify:track:6Nde5KuTXyB7jlPO4upaBo,0.000743,0.553,0.841,1.19E-05,0.341,-6.937,0.0396,0.338,57,235800
359,All You Had To Do Was Stay,1989 (Deluxe Edition),10/27/2014,5,0lmMtDQ2ElasKU2qDAE6NN,spotify:track:0lmMtDQ2ElasKU2qDAE6NN,0.00201,0.605,0.725,2.02E-05,0.101,-5.729,0.0323,0.539,53,193293
360,Shake It Off,1989 (Deluxe Edition),10/27/2014,6,3fthfkkvy9av3q3uAGVf7U,spotify:track:3fthfkkvy9av3q3uAGVf7U,0.0647,0.647,0.8,0,0.334,-5.384,0.165,0.942,55,219200
361,I Wish You Would,1989 (Deluxe Edition),10/27/2014,7,1B5VzXPqMlvRw0U4HJY3dJ,spotify:track:1B5VzXPqMlvRw0U4HJY3dJ,0.0158,0.653,0.893,4.95E-05,0.102,-5.966,0.0538,0.513,58,207440
362,Bad Blood,1989 (Deluxe Edition),10/27/2014,8,0yN4fNzmVnmgC0dsOoi9Wh,spotify:track:0yN4fNzmVnmgC0dsOoi9Wh,0.0885,0.646,0.794,6.16E-06,0.201,-6.104,0.19,0.287,54,211933
363,Wildest Dreams,1989 (Deluxe Edition),10/27/2014,9,106R7Z57WYzBAfrXImV30y,spotify:track:106R7Z57WYzBAfrXImV30y,0.0692,0.55,0.688,0.00144,0.106,-7.416,0.0897,0.465,54,220440
364,How You Get The Girl,1989 (Deluxe Edition),10/27/2014,10,6wfugRLamFsTRbPcCpNnP7,spotify:track:6wfugRLamFsTRbPcCpNnP7,0.00364,0.765,0.656,0.00868,0.0918,-6.112,0.0504,0.545,58,247533
365,This Love,1989 (Deluxe Edition),10/27/2014,11,1kTPQnabROVkW9bUXdCGrB,spotify:track:1kTPQnabROVkW9bUXdCGrB,0.678,0.481,0.435,0,0.0928,-8.795,0.0321,0.107,52,250093
366,I Know Places,1989 (Deluxe Edition),10/27/2014,12,2zfgVd034GlUvk7LqBHl6u,spotify:track:2zfgVd034GlUvk7LqBHl6u,0.245,0.602,0.755,0,0.178,-4.991,0.071,0.495,56,195706
367,Clean,1989 (Deluxe Edition),10/27/2014,13,4bXCcoesMt8u99xMsbLr9U,spotify:track:4bXCcoesMt8u99xMsbLr9U,0.232,0.815,0.377,0,0.1,-7.754,0.0346,0.211,60,271000
368,Wonderland,1989 (Deluxe Edition),10/27/2014,14,6iWMI5oOhWrDbLbjmwTWFq,spotify:track:6iWMI5oOhWrDbLbjmwTWFq,0.0493,0.422,0.692,2.57E-05,0.177,-5.447,0.0549,0.197,61,245560
369,You Are In Love,1989 (Deluxe Edition),10/27/2014,15,4A2LfnduSTsE8u0ecYROxE,spotify:track:4A2LfnduSTsE8u0ecYROxE,0.707,0.474,0.48,0.000108,0.0903,-8.894,0.0622,0.319,60,267106
370,New Romantics,1989 (Deluxe Edition),10/27/2014,16,6rZVy6FIG7lSJQMFXHo12z,spotify:track:6rZVy6FIG7lSJQMFXHo12z,0.00463,0.633,0.889,0.000458,0.0658,-5.87,0.0715,0.584,66,230466
371,I Know Places - Voice Memo,1989 (Deluxe Edition),10/27/2014,17,4JQm7ebhsrt10wmrP6AfXL,spotify:track:4JQm7ebhsrt10wmrP6AfXL,0.829,0.592,0.128,0,0.527,-17.932,0.589,0.15,39,216333
372,I Wish You Would - Voice Memo,1989 (Deluxe Edition),10/27/2014,18,4TtyvyI42C0KFnbDZvNC8Y,spotify:track:4TtyvyI42C0KFnbDZvNC8Y,0.717,0.781,0.357,0,0.185,-16.394,0.912,0.645,37,107133
373,Blank Space - Voice Memo,1989 (Deluxe Edition),10/27/2014,19,0yisH8r0f3Mkq34kjzUlCV,spotify:track:0yisH8r0f3Mkq34kjzUlCV,0.801,0.675,0.234,0,0.657,-15.064,0.721,0.578,38,131186
374,Welcome To New York,1989,10/27/2014,1,6qnM0XXPZOINWA778uNqQ9,spotify:track:6qnM0XXPZOINWA778uNqQ9,0.038,0.793,0.634,1.76E-06,0.304,-4.807,0.0324,0.615,61,212600
375,Blank Space,1989,10/27/2014,2,1p80LdxRV74UKvL8gnD7ky,spotify:track:1p80LdxRV74UKvL8gnD7ky,0.085,0.753,0.678,1.64E-06,0.13,-5.421,0.0644,0.583,76,231826
376,Style,1989,10/27/2014,3,4lIxdJw6W3Fg4vUIYCB0S5,spotify:track:4lIxdJw6W3Fg4vUIYCB0S5,0.00253,0.598,0.786,0.0016,0.117,-5.572,0.0383,0.456,76,231000
377,Out Of The Woods,1989,10/27/2014,4,5OndtwLGA9O6XHFcGm2H7r,spotify:track:5OndtwLGA9O6XHFcGm2H7r,0.00103,0.552,0.842,1.17E-05,0.337,-6.938,0.0373,0.343,62,235800
378,All You Had To Do Was Stay,1989,10/27/2014,5,0dAb8TY433dl3ZfXYCLE19,spotify:track:0dAb8TY433dl3ZfXYCLE19,0.00196,0.602,0.736,4.57E-05,0.105,-5.778,0.0338,0.471,58,193293
379,Shake It Off,1989,10/27/2014,6,5xTtaWoae3wi06K5WfVUUH,spotify:track:5xTtaWoae3wi06K5WfVUUH,0.0561,0.647,0.785,0,0.148,-5.414,0.165,0.943,73,219200
380,I Wish You Would,1989,10/27/2014,7,3wmN11qXGL0HyPojvEE1D9,spotify:track:3wmN11qXGL0HyPojvEE1D9,0.016,0.648,0.898,9.91E-05,0.109,-5.963,0.0513,0.502,50,207440
381,Bad Blood,1989,10/27/2014,8,273dCMFseLcVsoSWx59IoE,spotify:track:273dCMFseLcVsoSWx59IoE,0.0871,0.65,0.802,6.54E-06,0.148,-6.114,0.181,0.295,68,211933
382,Wildest Dreams,1989,10/27/2014,9,59HjlYCeBsxdI0fcm3zglw,spotify:track:59HjlYCeBsxdI0fcm3zglw,0.0702,0.554,0.666,0.00593,0.106,-7.414,0.0747,0.472,71,220440
383,How You Get The Girl,1989,10/27/2014,10,4dYUOfmWna6DFccnz732n8,spotify:track:4dYUOfmWna6DFccnz732n8,0.00461,0.764,0.66,0.00477,0.0915,-6.136,0.0494,0.524,50,247533
384,This Love,1989,10/27/2014,11,3oKMl2tJv4fdidkXUYMI5x,spotify:track:3oKMl2tJv4fdidkXUYMI5x,0.635,0.475,0.459,0,0.101,-8.768,0.0333,0.0828,47,250093
385,I Know Places,1989,10/27/2014,12,3jBMHD19RZdAqG9iFQh7xc,spotify:track:3jBMHD19RZdAqG9iFQh7xc,0.231,0.596,0.763,0,0.2,-4.99,0.0661,0.507,48,195706
386,Clean,1989,10/27/2014,13,06WgOCf0LV2h4keYXDRnuh,spotify:track:06WgOCf0LV2h4keYXDRnuh,0.241,0.81,0.379,0,0.113,-7.771,0.0349,0.22,49,271000
387,State Of Grace,Red (Deluxe Edition),10/22/2012,1,5zyCYmiaVE5y26EZuwZbsw,spotify:track:5zyCYmiaVE5y26EZuwZbsw,0.000197,0.588,0.825,0.00138,0.0885,-5.882,0.0328,0.397,44,295186
388,Red,Red (Deluxe Edition),10/22/2012,2,1RvQQGwaPipiNgz8RXAKA8,spotify:track:1RvQQGwaPipiNgz8RXAKA8,0.0773,0.602,0.896,8.87E-05,0.091,-4.267,0.0437,0.641,51,220826
389,Treacherous,Red (Deluxe Edition),10/22/2012,3,0XfOV7qY3834QpFVwOb6CC,spotify:track:0XfOV7qY3834QpFVwOb6CC,0.101,0.705,0.621,4.30E-06,0.147,-8.086,0.0334,0.395,42,240773
390,I Knew You Were Trouble.,Red (Deluxe Edition),10/22/2012,4,0ciHz919LVKoH4zgxyMPZ9,spotify:track:0ciHz919LVKoH4zgxyMPZ9,0.00454,0.622,0.469,2.25E-06,0.0398,-6.798,0.0363,0.679,50,217973
391,All Too Well,Red (Deluxe Edition),10/22/2012,5,1q3RiD1tIWUpGsNFADMlvl,spotify:track:1q3RiD1tIWUpGsNFADMlvl,0.0382,0.602,0.609,0.0002,0.127,-7.803,0.0243,0.337,58,327893
392,22,Red (Deluxe Edition),10/22/2012,6,3bIxTsfeNMO7Nt2J3EUKrA,spotify:track:3bIxTsfeNMO7Nt2J3EUKrA,0.00215,0.658,0.729,0.0013,0.0752,-6.561,0.0378,0.668,56,230133
393,I Almost Do,Red (Deluxe Edition),10/22/2012,7,31pEV5lPJi7btskZoUr2yu,spotify:track:31pEV5lPJi7btskZoUr2yu,0.0173,0.567,0.481,4.13E-05,0.182,-7.357,NA,0.233,43,242573
394,We Are Never Ever Getting Back Together,Red (Deluxe Edition),10/22/2012,8,1OYARuagDrpgNNQ4loO1Cs,spotify:track:1OYARuagDrpgNNQ4loO1Cs,0.00957,0.628,0.676,2.65E-05,0.102,-5.911,0.0916,0.75,49,191880
395,Stay Stay Stay,Red (Deluxe Edition),10/22/2012,9,1x0J8LFX23d5h1zzuzZorc,spotify:track:1x0J8LFX23d5h1zzuzZorc,0.307,0.729,0.748,1.29E-06,0.09,-6.67,0.0245,0.928,44,204826
396,The Last Time,Red (Deluxe Edition),10/22/2012,10,7vvIpJZye5cRR6De1LKM0m,spotify:track:7vvIpJZye5cRR6De1LKM0m,0.035,0.505,0.443,3.15E-06,0.0921,-7.039,0.0276,0.123,45,298293
397,Holy Ground,Red (Deluxe Edition),10/22/2012,11,5d2Kn9oAAh9S2EbyCo1i52,spotify:track:5d2Kn9oAAh9S2EbyCo1i52,0.0162,0.627,0.816,0.00208,0.0966,-6.698,0.0774,0.648,43,201853
398,Sad Beautiful Tragic,Red (Deluxe Edition),10/22/2012,12,5QKhg4r4Ibt0LVTmWEXTEg,spotify:track:5QKhg4r4Ibt0LVTmWEXTEg,0.632,0.624,0.34,0.0337,0.121,-12.411,0.029,0.261,40,283680
399,The Lucky One,Red (Deluxe Edition),10/22/2012,13,2wtHlpYSgC7xEdD3DrSHNL,spotify:track:2wtHlpYSgC7xEdD3DrSHNL,0.0371,0.706,0.499,0,0.132,-7.675,NA,0.545,41,240133
400,Everything Has Changed,Red (Deluxe Edition),10/22/2012,14,7gdwoOmi258QJq0hmQ4hto,spotify:track:7gdwoOmi258QJq0hmQ4hto,0.36,0.624,0.458,3.89E-06,0.303,-6.755,0.0287,0.436,45,243933
401,Starlight,Red (Deluxe Edition),10/22/2012,15,0vqI4ZIMuifeKeItGiWbPj,spotify:track:0vqI4ZIMuifeKeItGiWbPj,0.0213,0.649,0.777,0.000335,0.221,-5.804,0.0406,0.587,41,217826
402,Begin Again,Red (Deluxe Edition),10/22/2012,16,48A0aShHlovDfTMucMrE66,spotify:track:48A0aShHlovDfTMucMrE66,0.199,0.53,0.526,3.52E-06,0.232,-8.349,0.0263,0.323,42,237613
403,The Moment I Knew,Red (Deluxe Edition),10/22/2012,17,5AsmAjBSSQjRPWgAYIp8tm,spotify:track:5AsmAjBSSQjRPWgAYIp8tm,0.187,0.62,0.506,1.47E-05,0.102,-7.327,0.0312,0.275,39,285560
404,Come Back...Be Here,Red (Deluxe Edition),10/22/2012,18,4qyalTRMRH5YuEntvvMvq0,spotify:track:4qyalTRMRH5YuEntvvMvq0,0.00471,0.483,0.548,2.01E-06,0.0997,-6.291,0.0254,0.217,44,222706
405,Girl At Home,Red (Deluxe Edition),10/22/2012,19,6cf6rLb8qcklvJv90W6HCW,spotify:track:6cf6rLb8qcklvJv90W6HCW,0.272,0.733,0.59,0,0.136,-5.86,0.0284,0.633,37,220320
406,Treacherous - Original Demo Recording,Red (Deluxe Edition),10/22/2012,20,7BT9K9BDqq6HI2oWH5UMZQ,spotify:track:7BT9K9BDqq6HI2oWH5UMZQ,0.175,0.828,0.64,6.14E-05,0.0996,-8.248,0.0355,0.519,35,239720
407,Red - Original Demo Recording,Red (Deluxe Edition),10/22/2012,21,4mqgn90sCeVSYqcoftTQTd,spotify:track:4mqgn90sCeVSYqcoftTQTd,0.113,0.678,0.902,0.000235,0.0722,-4.659,0.0358,0.637,36,226280
408,State Of Grace - Acoustic,Red (Deluxe Edition),10/22/2012,22,5G9AVKld9q7DCrmoY42raf,spotify:track:5G9AVKld9q7DCrmoY42raf,0.664,0.626,0.118,0.000169,0.127,-15.91,0.0305,0.0682,38,323080
409,State Of Grace,Red,10/22/2012,1,786NsUYn4GGUf8AOt0SQhP,spotify:track:786NsUYn4GGUf8AOt0SQhP,0.000197,0.588,0.825,0.00138,0.0885,-5.882,0.0328,0.397,40,295186
410,Red,Red,10/22/2012,2,0cITLOYn1Sv4q27zZPqlNK,spotify:track:0cITLOYn1Sv4q27zZPqlNK,0.0773,0.602,0.896,8.87E-05,0.091,-4.267,0.0437,0.641,57,220826
411,Treacherous,Red,10/22/2012,3,5kYFVSQoPu7yRpfiHBwMUk,spotify:track:5kYFVSQoPu7yRpfiHBwMUk,0.101,0.705,0.621,4.30E-06,0.147,-8.086,0.0334,0.395,39,240773
412,I Knew You Were Trouble.,Red,10/22/2012,4,72jCZdH0Lhg93z6Z4hBjgj,spotify:track:72jCZdH0Lhg93z6Z4hBjgj,0.00454,0.622,0.469,2.25E-06,0.0398,-6.798,0.0363,0.679,61,217973
413,All Too Well,Red,10/22/2012,5,4XMP3zVxrnr58T0tjIHvpR,spotify:track:4XMP3zVxrnr58T0tjIHvpR,0.0382,0.602,0.609,0.0002,0.127,-7.803,0.0243,0.337,46,327893
414,22,Red,10/22/2012,6,2ULNeSomDxVNmdDy8VxEBU,spotify:track:2ULNeSomDxVNmdDy8VxEBU,0.00215,0.658,0.729,0.0013,0.0752,-6.561,0.0378,0.668,51,230133
415,I Almost Do,Red,10/22/2012,7,5VwFkx7JOimOGTYfha5rs1,spotify:track:5VwFkx7JOimOGTYfha5rs1,0.0173,0.567,0.481,4.13E-05,0.182,-7.357,0.027,0.233,41,242573
416,We Are Never Ever Getting Back Together,Red,10/22/2012,8,7AEAGTc8cReDqcbPoY9gwo,spotify:track:7AEAGTc8cReDqcbPoY9gwo,0.00957,0.628,0.676,2.65E-05,0.102,-5.911,0.0916,0.75,59,191880
417,Stay Stay Stay,Red,10/22/2012,9,1qLeEu4iXEclkLwoBlMiou,spotify:track:1qLeEu4iXEclkLwoBlMiou,0.307,0.729,0.748,1.29E-06,0.09,-6.67,0.0245,0.928,40,204826
418,The Last Time,Red,10/22/2012,10,3n9mzjgAzjyKawvbHzciXF,spotify:track:3n9mzjgAzjyKawvbHzciXF,0.035,0.505,0.443,3.15E-06,0.0921,-7.039,0.0276,0.123,38,298293
419,Holy Ground,Red,10/22/2012,11,1fGsZsIkQkOspfsT24nQP6,spotify:track:1fGsZsIkQkOspfsT24nQP6,0.0162,0.627,0.816,0.00208,0.0966,-6.698,0.0774,0.648,37,201853
420,Sad Beautiful Tragic,Red,10/22/2012,12,6LKjHhOW1az75pCQ9XJJtF,spotify:track:6LKjHhOW1az75pCQ9XJJtF,0.632,0.624,0.34,0.0337,0.121,-12.411,0.029,0.261,37,283680
421,The Lucky One,Red,10/22/2012,13,2X2J0BhxaLTmnxO4pPUhSd,spotify:track:2X2J0BhxaLTmnxO4pPUhSd,0.0371,0.706,0.499,0,0.132,-7.675,0.0369,0.545,37,240133
422,Everything Has Changed,Red,10/22/2012,14,4NAmRvqSITAAzKWnC8yRq3,spotify:track:4NAmRvqSITAAzKWnC8yRq3,0.36,0.624,0.458,3.89E-06,0.303,-6.755,0.0287,0.436,51,243933
423,Starlight,Red,10/22/2012,15,7MecVsMj22MneZt7kVFaCr,spotify:track:7MecVsMj22MneZt7kVFaCr,0.0213,0.649,0.777,0.000335,0.221,-5.804,0.0406,0.587,37,217826
424,Begin Again,Red,10/22/2012,16,0L4YCNRfXAoTvdpWeH2RGj,spotify:track:0L4YCNRfXAoTvdpWeH2RGj,0.199,0.53,0.526,3.52E-06,0.232,-8.349,0.0263,0.323,55,237613
425,Sparks Fly - Live/2011,Speak Now World Tour Live,10/25/2010,1,1aBJNc2thaKyh5THWzIqHX,spotify:track:1aBJNc2thaKyh5THWzIqHX,0.00917,0.455,0.783,0,0.918,-5.184,0.0393,0.298,47,336826
426,Mine - Live/2011,Speak Now World Tour Live,10/25/2010,2,7yndkPYP6YQQLBpPsizDfh,spotify:track:7yndkPYP6YQQLBpPsizDfh,0.00233,0.496,0.852,0,0.554,-4.775,0.0373,0.442,45,259279
427,The Story Of Us - Live,Speak Now World Tour Live,10/25/2010,3,72GIZuUXo14oyrS0si3Rgc,spotify:track:72GIZuUXo14oyrS0si3Rgc,0.00048,0.419,0.908,0,0.815,-5.156,0.0651,0.472,46,290520
428,Mean - Live/2011,Speak Now World Tour Live,10/25/2010,4,7mFiEij8AXPUZB7aKLbUlQ,spotify:track:7mFiEij8AXPUZB7aKLbUlQ,0.154,0.429,0.915,0,0.693,-4.373,0.069,0.432,45,246373
429,Ours - Live/2011,Speak Now World Tour Live,10/25/2010,5,68QyrSzpnoU04AAhE5z8lj,spotify:track:68QyrSzpnoU04AAhE5z8lj,0.715,0.421,0.355,0,0.867,-10.21,0.0298,0.267,44,245973
430,Back To December/Apologize/You're Not Sorry - Live/2011/Medley,Speak Now World Tour Live,10/25/2010,6,1IsquhJFJ0qcFZI7FeAEuN,spotify:track:1IsquhJFJ0qcFZI7FeAEuN,0.155,0.374,0.516,0,0.795,-8.745,0.0294,0.171,52,362826
431,Better Than Revenge - Live/2011,Speak Now World Tour Live,10/25/2010,7,6505MLhnqTDDg4tjoUz2Wp,spotify:track:6505MLhnqTDDg4tjoUz2Wp,0.00306,0.445,0.887,2.67E-05,0.931,-5.629,0.0768,0.386,47,344573
432,Speak Now - Live/2011,Speak Now World Tour Live,10/25/2010,8,3QFB14MOUf3imlyISNmrbT,spotify:track:3QFB14MOUf3imlyISNmrbT,0.0636,0.615,0.694,1.28E-06,0.83,-5.251,0.0318,0.373,45,248146
433,Last Kiss - Live/2011,Speak Now World Tour Live,10/25/2010,9,6hH37tyeRdyan1mAppmVor,spotify:track:6hH37tyeRdyan1mAppmVor,0.205,0.427,0.395,8.73E-06,0.701,-12.551,0.0291,0.188,45,369066
434,Drops Of Jupiter - Live/2011,Speak Now World Tour Live,10/25/2010,10,0BSmbCIY36iw04azzJ3S0S,spotify:track:0BSmbCIY36iw04azzJ3S0S,0.806,0.374,0.504,0,0.76,-8.407,0.0392,0.27,51,315173
435,Bette Davis Eyes - Live/2011,Speak Now World Tour Live,10/25/2010,11,6KF9xd2hBLuexrmBX4vUWD,spotify:track:6KF9xd2hBLuexrmBX4vUWD,0.713,0.327,0.488,0,0.837,-9.287,0.0322,0.363,47,189146
436,I Want You Back - Live/2011,Speak Now World Tour Live,10/25/2010,12,4KB3zBArZ1rHRExilzycaV,spotify:track:4KB3zBArZ1rHRExilzycaV,0.794,0.536,0.512,0.000122,0.497,-6.794,0.0341,0.249,48,83253
437,Dear John - Live/2011,Speak Now World Tour Live,10/25/2010,13,4DbI1rr4IQ2bc8nejy9ttd,spotify:track:4DbI1rr4IQ2bc8nejy9ttd,0.0157,0.521,0.386,0,0.884,-8.784,0.0301,0.138,46,404680
438,Enchanted - Live/2011,Speak Now World Tour Live,10/25/2010,14,3lm4L3pPL32PFy74dR17OR,spotify:track:3lm4L3pPL32PFy74dR17OR,0.0747,0.34,0.663,2.34E-06,0.563,-5.597,0.0331,0.214,47,389213
439,Haunted - Live/2011,Speak Now World Tour Live,10/25/2010,15,6znB7YZhMJT2B83zfbiyLq,spotify:track:6znB7YZhMJT2B83zfbiyLq,0.0245,0.338,0.818,0,0.889,-7.495,0.0496,0.177,46,292426
440,Long Live - Live/2011,Speak Now World Tour Live,10/25/2010,16,5QkzyLUb4ggojNDp8G2OxX,spotify:track:5QkzyLUb4ggojNDp8G2OxX,0.0053,0.544,0.728,0,0.865,-5.838,0.0282,0.204,46,376466
441,Mine,Speak Now (Deluxe Edition),10/25/2010,1,6LZaxlycSWrJZ4Volb25qx,spotify:track:6LZaxlycSWrJZ4Volb25qx,0.00265,0.624,0.757,1.87E-06,0.189,-2.94,0.0296,0.658,51,230706
442,Sparks Fly,Speak Now (Deluxe Edition),10/25/2010,2,1q8E1FfFuhd12c5JcJwPxQ,spotify:track:1q8E1FfFuhd12c5JcJwPxQ,0.0396,0.605,0.787,1.42E-06,0.163,-3.002,0.0308,0.374,51,260933
443,Back To December,Speak Now (Deluxe Edition),10/25/2010,3,7lxADouiWFkwR7ZV2GKUcH,spotify:track:7lxADouiWFkwR7ZV2GKUcH,0.117,0.529,0.67,0,0.334,-4.663,0.0303,0.286,52,293026
444,Speak Now,Speak Now (Deluxe Edition),10/25/2010,4,1nYWTzy5zu3zEPNgB1sItW,spotify:track:1nYWTzy5zu3zEPNgB1sItW,0.095,0.709,0.599,0,0.0973,-3.734,0.0304,0.735,46,240760
445,Dear John,Speak Now (Deluxe Edition),10/25/2010,5,1ubvV5ECkm6nSI6g1HmbBK,spotify:track:1ubvV5ECkm6nSI6g1HmbBK,0.166,0.589,0.47,1.45E-06,0.112,-5.32,0.028,0.102,52,403920
446,Mean,Speak Now (Deluxe Edition),10/25/2010,6,4N60XfcTE1ysLZGbYgnYXq,spotify:track:4N60XfcTE1ysLZGbYgnYXq,0.452,0.568,0.761,0,0.217,-3.987,0.0459,0.789,54,237733
447,The Story Of Us,Speak Now (Deluxe Edition),10/25/2010,7,19tHCfzUSoy5HkpxcmbA0A,spotify:track:19tHCfzUSoy5HkpxcmbA0A,0.00478,0.543,0.818,0.000368,0.0357,-3.611,0.0398,0.683,47,265666
448,Never Grow Up,Speak Now (Deluxe Edition),10/25/2010,8,74WBGgUnpKrJXt6TETfR6Z,spotify:track:74WBGgUnpKrJXt6TETfR6Z,0.819,0.714,0.305,0,0.174,-8.837,0.0305,0.554,50,290466
449,Enchanted,Speak Now (Deluxe Edition),10/25/2010,9,14LtANuaslKWyYbktUrHBU,spotify:track:14LtANuaslKWyYbktUrHBU,0.0739,0.455,0.623,0.000424,0.146,-3.878,0.0288,0.208,51,352186
450,Better Than Revenge,Speak Now (Deluxe Edition),10/25/2010,10,1By2VQkUN0Frd8mKNV5NYC,spotify:track:1By2VQkUN0Frd8mKNV5NYC,0.0139,0.516,0.917,6.37E-06,0.36,-3.186,0.0827,0.635,59,217160
451,Innocent,Speak Now (Deluxe Edition),10/25/2010,11,3kfgJql90tzgoxByioAMXR,spotify:track:3kfgJql90tzgoxByioAMXR,0.186,0.552,0.608,0,0.125,NA,0.0259,0.17,43,302253
452,Haunted,Speak Now (Deluxe Edition),10/25/2010,12,11UaQaEp2LvdspTyyuE3ur,spotify:track:11UaQaEp2LvdspTyyuE3ur,0.0826,0.436,0.95,1.08E-06,0.149,-2.627,0.057,0.352,52,242080
453,Last Kiss,Speak Now (Deluxe Edition),10/25/2010,13,1D27z8xNzjW0Mwwt1NCWhJ,spotify:track:1D27z8xNzjW0Mwwt1NCWhJ,0.57,0.371,0.341,3.09E-05,0.101,-9.475,0.0319,0.196,48,367133
454,Long Live,Speak Now (Deluxe Edition),10/25/2010,14,7DjCRhhFo9PPzca1BjMLcf,spotify:track:7DjCRhhFo9PPzca1BjMLcf,0.036,0.418,0.68,7.59E-05,0.114,4.5,0.0347,0.142,49,317453
455,Ours,Speak Now (Deluxe Edition),10/25/2010,15,1EQn3Uc5AyUXoiPLeyCrrg,spotify:track:1EQn3Uc5AyUXoiPLeyCrrg,0.537,0.608,0.569,0,0.097,-7.227,0.0284,0.238,51,237920
456,If This Was A Movie,Speak Now (Deluxe Edition),10/25/2010,16,0vvt4IZOMkRug195S4MUq0,spotify:track:0vvt4IZOMkRug195S4MUq0,0.166,0.511,0.719,4.54E-06,0.34,-3.457,0.0265,0.289,48,234546
457,Superman,Speak Now (Deluxe Edition),10/25/2010,17,2R7C9dDqv1UPycvepBFziA,spotify:track:2R7C9dDqv1UPycvepBFziA,0.0268,0.582,0.765,1.95E-06,0.103,-3.648,0.0324,0.559,44,275960
458,Back To December - Acoustic,Speak Now (Deluxe Edition),10/25/2010,18,6IH2Z54gYPLqgJtxZjX80i,spotify:track:6IH2Z54gYPLqgJtxZjX80i,0.748,0.541,0.453,0,0.2,-6.459,0.0266,0.377,48,292560
459,Haunted - Acoustic Version,Speak Now (Deluxe Edition),10/25/2010,19,62rlxI6g2PNaWsHoiRryto,spotify:track:62rlxI6g2PNaWsHoiRryto,0.842,0.563,0.443,0,0.293,-5.078,NA,0.313,47,217613
460,Mine - POP Mix,Speak Now (Deluxe Edition),10/25/2010,20,0fAbfDiuQiUwV7FUcFfRGY,spotify:track:0fAbfDiuQiUwV7FUcFfRGY,0.00727,0.695,0.723,1.20E-06,0.1,-3.806,0.0285,0.679,43,230333
461,Mine,Speak Now,10/25/2010,1,0dBW6ZsW8skfvoRfgeerBF,spotify:track:0dBW6ZsW8skfvoRfgeerBF,0.00265,0.624,0.757,1.87E-06,0.189,-2.94,0.0296,0.658,59,230706
462,Sparks Fly,Speak Now,10/25/2010,2,6d9IiDcFxtFVIvt9pCqyGH,spotify:track:6d9IiDcFxtFVIvt9pCqyGH,0.0396,0.605,0.787,1.42E-06,0.163,-3.002,0.0308,0.374,58,260933
463,Back To December,Speak Now,10/25/2010,3,3DrjZArsPsoqbLzUZZV1Id,spotify:track:3DrjZArsPsoqbLzUZZV1Id,0.117,0.529,0.67,0,0.334,-4.663,0.0303,0.286,63,293026
464,Speak Now,Speak Now,10/25/2010,4,24DefNCFiWTP8OjYWiXuYe,spotify:track:24DefNCFiWTP8OjYWiXuYe,0.095,0.709,0.599,0,0.0973,-3.734,0.0304,0.735,54,240760
465,Dear John,Speak Now,10/25/2010,5,7hZuICN5eaCuQyp443RCt6,spotify:track:7hZuICN5eaCuQyp443RCt6,0.166,0.589,0.47,1.45E-06,0.112,-5.32,NA,0.102,51,403920
466,Mean,Speak Now,10/25/2010,6,5yEPktRqvIhko5QFF3aBhQ,spotify:track:5yEPktRqvIhko5QFF3aBhQ,0.452,0.568,0.761,0,0.217,-3.987,0.0459,0.789,60,237733
467,The Story Of Us,Speak Now,10/25/2010,7,3RBluWmSoG2pGA1OePzGJI,spotify:track:3RBluWmSoG2pGA1OePzGJI,0.00478,0.543,0.818,0.000368,0.0357,-3.611,0.0398,0.683,55,265666
468,Never Grow Up,Speak Now,10/25/2010,8,1wJL1A0QUHJPf2cm7tsrdw,spotify:track:1wJL1A0QUHJPf2cm7tsrdw,0.819,0.714,0.305,0,0.174,-8.837,0.0305,0.554,50,290466
469,Enchanted,Speak Now,10/25/2010,9,10eBRyImhfqVvkiVEGf0N0,spotify:track:10eBRyImhfqVvkiVEGf0N0,0.0739,0.455,0.623,0.000424,0.146,-3.878,0.0288,0.208,69,352186
470,Better Than Revenge,Speak Now,10/25/2010,10,2ythurkTtSiyfK7GprJoFW,spotify:track:2ythurkTtSiyfK7GprJoFW,0.0139,0.516,0.917,6.37E-06,0.36,-3.186,0.0827,0.635,56,217160
471,Innocent,Speak Now,10/25/2010,11,5GPwN5iZ9ZMSXAkppj4Uvv,spotify:track:5GPwN5iZ9ZMSXAkppj4Uvv,0.186,0.552,0.608,0,0.125,-5.29,0.0259,0.17,44,302253
472,Haunted,Speak Now,10/25/2010,12,28M2gifMU282QBM3fKajIS,spotify:track:28M2gifMU282QBM3fKajIS,0.0826,0.436,0.95,1.08E-06,0.149,-2.627,0.057,0.352,51,242080
473,Last Kiss,Speak Now,10/25/2010,13,4h0EXpatqJImv4VRgvX6po,spotify:track:4h0EXpatqJImv4VRgvX6po,0.57,0.371,0.341,3.09E-05,0.101,-9.475,0.0319,0.196,53,367133
474,Long Live,Speak Now,10/25/2010,14,6XDBA3QWX51lDJ0oZbaJJN,spotify:track:6XDBA3QWX51lDJ0oZbaJJN,0.036,0.418,0.68,7.59E-05,0.108,-4.3,0.0346,0.142,51,317946
475,Jump Then Fall,Fearless Platinum Edition,11/11/2008,1,08gavXombT6KR0af88i9tA,spotify:track:08gavXombT6KR0af88i9tA,0.111,0.618,0.687,0,0.0693,-5.737,0.0271,0.82,43,237066
476,Untouchable,Fearless Platinum Edition,11/11/2008,2,2IZ00ed83ygPIiacYScWUE,spotify:track:2IZ00ed83ygPIiacYScWUE,0.0583,0.419,0.454,3.78E-06,0.0974,-6.809,0.0335,0.288,43,311040
477,Forever & Always - Piano Version,Fearless Platinum Edition,11/11/2008,3,46HGgtwmmuEB8mvDCyjyAc,spotify:track:46HGgtwmmuEB8mvDCyjyAc,0.852,0.592,0.16,0,0.116,-10.785,0.0347,0.294,43,267506
478,Come In With The Rain,Fearless Platinum Edition,11/11/2008,4,4pl5zcqCv4vc3cB7M4MZ6f,spotify:track:4pl5zcqCv4vc3cB7M4MZ6f,0.0868,0.527,0.475,4.34E-06,0.248,-6.205,0.0258,0.224,42,238106
479,SuperStar,Fearless Platinum Edition,11/11/2008,5,14Bljc3pOOG0xQX3wqhLN9,spotify:track:14Bljc3pOOG0xQX3wqhLN9,0.367,0.61,0.531,0,0.351,-6.123,0.0239,0.228,40,261453
480,The Other Side Of The Door,Fearless Platinum Edition,11/11/2008,6,0xvsgzM8AtBtRHZm5rav8A,spotify:track:0xvsgzM8AtBtRHZm5rav8A,0.169,0.476,0.816,0,0.238,-4.279,0.0347,0.469,41,237600
481,Fearless,Fearless Platinum Edition,11/11/2008,7,3F6czr26ZwGU5O5CHY04Ma,spotify:track:3F6czr26ZwGU5O5CHY04Ma,0.0364,0.598,0.714,1.04E-06,0.31,-4.397,0.0273,0.467,44,242000
482,Fifteen,Fearless Platinum Edition,11/11/2008,8,3M0w3fhdXByHLCNAoi5c9G,spotify:track:3M0w3fhdXByHLCNAoi5c9G,0.0728,0.559,0.636,0,0.144,-4.4,0.0263,0.214,44,294346
483,Love Story,Fearless Platinum Edition,11/11/2008,9,0kN3oXYWWAk1uC0y2WoyOE,spotify:track:0kN3oXYWWAk1uC0y2WoyOE,0.157,0.618,0.736,0,0.073,-3.937,0.0308,0.307,50,235280
484,Hey Stephen,Fearless Platinum Edition,11/11/2008,10,6wcFdMmiDscAhZJrcVFumx,spotify:track:6wcFdMmiDscAhZJrcVFumx,0.168,0.843,0.553,2.66E-06,0.107,-7.348,0.0317,0.825,42,254320
485,White Horse,Fearless Platinum Edition,11/11/2008,11,4jPtq9shRdUv8Zjr0a5xkD,spotify:track:4jPtq9shRdUv8Zjr0a5xkD,0.302,0.585,0.346,0,0.102,-8.014,0.0256,0.195,43,234440
486,You Belong With Me,Fearless Platinum Edition,11/11/2008,12,3as6Wz3mwbTnusWhZjTUNr,spotify:track:3as6Wz3mwbTnusWhZjTUNr,0.164,0.687,0.771,2.46E-05,0.112,-4.424,0.0384,0.445,50,231146
487,Breathe,Fearless Platinum Edition,11/11/2008,13,6S9G7J3EB1ZY0rrZPwsBg5,spotify:track:6S9G7J3EB1ZY0rrZPwsBg5,0.373,0.498,0.486,0,0.113,-7.384,0.0273,0.17,43,263986
488,Tell Me Why,Fearless Platinum Edition,11/11/2008,14,4XrP7vKBjKLEYlRZdb0Ygr,spotify:track:4XrP7vKBjKLEYlRZdb0Ygr,0.0606,0.601,0.852,3.41E-06,0.37,-3.096,0.0386,0.513,41,200560
489,You're Not Sorry,Fearless Platinum Edition,11/11/2008,15,6HWYtS215rxaaMjvpyG18W,spotify:track:6HWYtS215rxaaMjvpyG18W,0.13,0.459,0.459,2.30E-06,0.113,-4.126,0.0275,0.281,42,261800
490,The Way I Loved You,Fearless Platinum Edition,11/11/2008,16,77VotUUL79U10TAnYdqwvr,spotify:track:77VotUUL79U10TAnYdqwvr,0.0322,0.436,0.712,0,0.111,-3.689,0.0329,0.379,43,244240
491,Forever & Always,Fearless Platinum Edition,11/11/2008,17,1zxrcAk6eiytfavqriMcKT,spotify:track:1zxrcAk6eiytfavqriMcKT,0.0907,0.605,0.829,0,0.106,-4.993,0.0549,0.514,42,225333
492,The Best Day,Fearless Platinum Edition,11/11/2008,18,5YbZZ2gYfvW1UvHHF4pVaD,spotify:track:5YbZZ2gYfvW1UvHHF4pVaD,0.611,0.664,0.447,1.00E-06,0.139,-8.535,0.0292,0.364,41,245346
493,Change,Fearless Platinum Edition,11/11/2008,19,0RdcBnAXyH2YZZvcBVu2k6,spotify:track:0RdcBnAXyH2YZZvcBVu2k6,0.00471,0.548,0.756,0,0.117,-4.175,0.036,0.224,40,281053
494,Fearless,Fearless,11/11/2008,1,6Eu31gddWw0gOGO506pJYA,spotify:track:6Eu31gddWw0gOGO506pJYA,0.04,0.594,0.712,0,0.309,-4.418,0.0273,0.476,57,241986
495,Fifteen,Fearless,11/11/2008,2,4t0OI7XrODjSkAu3bTPmWj,spotify:track:4t0OI7XrODjSkAu3bTPmWj,0.067,0.556,0.651,0,0.145,-4.396,0.0266,0.203,56,294333
496,Love Story,Fearless,11/11/2008,3,1vrd6UOGamcKNGnSHJQlSt,spotify:track:1vrd6UOGamcKNGnSHJQlSt,0.17,0.618,0.741,0,0.0822,-3.95,0.031,0.296,68,235266
497,Hey Stephen,Fearless,11/11/2008,4,4WXzzCof26KJLTK5kK53dS,spotify:track:4WXzzCof26KJLTK5kK53dS,0.194,0.841,0.544,2.48E-06,0.108,-7.347,0.0309,0.831,46,254306
498,White Horse,Fearless,11/11/2008,5,6wn61Fzx9XMxQmieLpoIhW,spotify:track:6wn61Fzx9XMxQmieLpoIhW,0.305,0.578,0.34,0,0.104,-8.027,0.0264,0.223,51,234426
499,You Belong With Me,Fearless,11/11/2008,6,3GCL1PydwsLodcpv0Ll1ch,spotify:track:3GCL1PydwsLodcpv0Ll1ch,0.162,0.687,0.783,1.35E-05,0.114,-4.44,0.0386,0.443,69,231133
500,Breathe,Fearless,11/11/2008,7,49mWEy5MgtNujgT7xU3emT,spotify:track:49mWEy5MgtNujgT7xU3emT,0.379,0.505,0.482,0,0.113,-7.372,0.0276,0.184,NA,263973
501,Tell Me Why,Fearless,11/11/2008,8,3rnI1UCyGJvUTVvT97VQr5,spotify:track:3rnI1UCyGJvUTVvT97VQr5,0.0571,0.604,0.855,3.65E-06,0.343,-3.097,0.038,0.51,42,200546
502,You're Not Sorry,Fearless,11/11/2008,9,0HmCuN0Z3OX1Qrz43FLOPL,spotify:track:0HmCuN0Z3OX1Qrz43FLOPL,0.146,0.475,0.452,1.36E-06,0.108,-4.134,0.027,0.276,45,261786
503,The Way I Loved You,Fearless,11/11/2008,10,5P4wWhUYWM0IaVYLuZxdar,spotify:track:5P4wWhUYWM0IaVYLuZxdar,0.0408,0.433,0.7,0,0.115,-3.709,0.0336,0.398,52,244226
504,Forever & Always,Fearless,11/11/2008,11,47HtKpfzpAt8rQjjXWotFj,spotify:track:47HtKpfzpAt8rQjjXWotFj,0.0752,0.608,0.821,0,0.11,-4.985,0.0576,0.544,47,225320
505,The Best Day,Fearless,11/11/2008,12,3esA216TyLHEkNiBCeCmcg,spotify:track:3esA216TyLHEkNiBCeCmcg,0.647,0.666,0.434,1.95E-06,0.124,-8.543,0.0289,0.396,45,245333
506,Change,Fearless,11/11/2008,13,1yACRKAwlXWhXXFUSkvzhD,spotify:track:1yACRKAwlXWhXXFUSkvzhD,0.00408,0.541,0.77,0,0.117,-4.17,0.0354,0.215,40,280240
507,Love Story - Live From Clear Channel Stripped 2008,Live From Clear Channel Stripped 2008,6/28/2008,1,4RBKAqJ3qyvvriDG0s9IJ3,spotify:track:4RBKAqJ3qyvvriDG0s9IJ3,0.659,0.741,0.444,0,0.131,-7.031,0.0311,0.512,39,221028
508,Fearless - Live From Clear Channel Stripped 2008,Live From Clear Channel Stripped 2008,6/28/2008,2,5g7RMU3cV7zXWH244BLe7G,spotify:track:5g7RMU3cV7zXWH244BLe7G,0.814,0.623,0.266,0,0.145,-5.894,0.026,0.467,39,198247
509,Beautiful Eyes - Live From Clear Channel Stripped 2008,Live From Clear Channel Stripped 2008,6/28/2008,3,4aBW31cmkA7BLColUsMEeZ,spotify:track:4aBW31cmkA7BLColUsMEeZ,0.596,0.627,0.704,0,0.0598,-3.739,0.0269,0.457,42,176316
510,Untouchable - Live From Clear Channel Stripped 2008,Live From Clear Channel Stripped 2008,6/28/2008,4,4MbHDiHQjhmoVAV75G04Ql,spotify:track:4MbHDiHQjhmoVAV75G04Ql,0.856,0.731,0.184,0,0.0927,-9.235,0.0418,0.331,35,222959
511,Teardrops On My Guitar - Live From Clear Channel Stripped 2008,Live From Clear Channel Stripped 2008,6/28/2008,5,4DjevQhsPWULcondN4mRh5,spotify:track:4DjevQhsPWULcondN4mRh5,0.664,0.344,0.801,0,0.106,-5.373,0.0574,0.615,34,196346
512,Picture To Burn - Live From Clear Channel Stripped 2008,Live From Clear Channel Stripped 2008,6/28/2008,6,7EvU9pRoJ9Xs7anx0P7tEc,spotify:track:7EvU9pRoJ9Xs7anx0P7tEc,0.266,0.647,0.872,0,0.419,19.53,0.0524,0.684,34,173899
513,Should've Said No - Live From Clear Channel Stripped 2008,Live From Clear Channel Stripped 2008,6/28/2008,7,5a9hUL6ZuiagZhazwrtwHF,spotify:track:5a9hUL6ZuiagZhazwrtwHF,0.399,0.429,0.808,0,0.0884,-3.004,0.0677,0.438,34,228473
514,Change - Live From Clear Channel Stripped 2008,Live From Clear Channel Stripped 2008,6/28/2008,8,69o9kr9UexjzeZDE8yD8dQ,spotify:track:69o9kr9UexjzeZDE8yD8dQ,0.156,0.243,0.712,0,0.111,-4.307,0.0577,0.273,32,258487
515,Tim McGraw,Taylor Swift,10/24/2006,1,0Om9WAB5RS09L80DyOfTNa,spotify:track:0Om9WAB5RS09L80DyOfTNa,0.575,0.58,0.491,0,0.121,-6.462,0.0251,0.425,65,232106
516,Picture To Burn,Taylor Swift,10/24/2006,2,32mVHdy0bi1XKgr0ajsBlG,spotify:track:32mVHdy0bi1XKgr0ajsBlG,0.173,0.658,0.877,0,0.0962,20.98,0.0323,0.821,69,173066
517,Teardrops On My Guitar - Radio Single Remix,Taylor Swift,10/24/2006,3,7zMcNqs55Mxer82bvZFkpg,spotify:track:7zMcNqs55Mxer82bvZFkpg,0.288,0.621,0.417,0,0.119,-6.941,0.0231,0.289,66,203040
518,A Place in this World,Taylor Swift,10/24/2006,4,73OX8GdpOeGzKC6OvGSbsv,spotify:track:73OX8GdpOeGzKC6OvGSbsv,0.051,0.576,0.777,0,0.32,-2.881,0.0324,0.428,57,199200
519,Cold As You,Taylor Swift,10/24/2006,5,7an1exwMnfYRcdVQm0yDev,spotify:track:7an1exwMnfYRcdVQm0yDev,0.217,0.418,0.482,0,0.123,-5.769,0.0266,0.261,58,239013
520,The Outside,Taylor Swift,10/24/2006,6,2QA3IixpRcKyOdG7XDzRgv,spotify:track:2QA3IixpRcKyOdG7XDzRgv,0.00491,0.589,0.805,0,0.24,-4.055,0.0293,0.591,55,207106
521,Tied Together with a Smile,Taylor Swift,10/24/2006,7,6K0CJLVXqbGMeJSmJ4ENKK,spotify:track:6K0CJLVXqbGMeJSmJ4ENKK,0.525,0.479,0.578,0,0.0841,15,0.0294,0.192,57,248106
522,Stay Beautiful,Taylor Swift,10/24/2006,8,2ZoOmCSgj0ypVAmGd1ve4y,spotify:track:2ZoOmCSgj0ypVAmGd1ve4y,0.0868,0.594,0.629,0,0.137,-4.919,0.0246,0.504,56,236053
523,Should've Said No,Taylor Swift,10/24/2006,9,16MVSD0mGI4RMQT83Qzm69,spotify:track:16MVSD0mGI4RMQT83Qzm69,0.0103,0.476,0.777,0,0.196,-3.771,0.0289,0.472,66,242200
524,Mary's Song (Oh My My My),Taylor Swift,10/24/2006,10,2QrQCMel6v2JiLxqrg4p2O,spotify:track:2QrQCMel6v2JiLxqrg4p2O,0.0177,0.403,0.627,0,0.182,-5.28,0.0292,0.374,59,213080
525,Our Song,Taylor Swift,10/24/2006,11,15DeqWWQB4dcEWzJg15VrN,spotify:track:15DeqWWQB4dcEWzJg15VrN,0.111,0.668,0.672,0,0.329,-4.931,0.0303,0.539,74,201106
526,I'm Only Me When I'm With You,Taylor Swift,10/24/2006,12,0JIdBrXGSJXS72zjF9ss9u,spotify:track:0JIdBrXGSJXS72zjF9ss9u,0.00452,0.563,0.934,0.000807,0.103,-3.629,0.0646,0.518,59,213053
527,Invisible,Taylor Swift,10/24/2006,13,5OOd01o2YS1QFwdpVLds3r,spotify:track:5OOd01o2YS1QFwdpVLds3r,0.637,0.612,0.394,0,0.147,-5.723,0.0243,0.233,56,203226
528,A Perfectly Good Heart,Taylor Swift,10/24/2006,14,1spLfUJxtyVyiKKTegQ2r4,spotify:track:1spLfUJxtyVyiKKTegQ2r4,0.00349,0.483,0.751,0,0.128,-5.726,0.0365,0.268,54,220146
529,Teardrops on My Guitar - Pop Version,Taylor Swift,10/24/2006,15,4pJi1rVt9GNegU9kywjg4z,spotify:track:4pJi1rVt9GNegU9kywjg4z,0.0402,0.459,0.753,0,0.0863,-3.827,0.0537,0.483,55,179066
