,Issue_ID,Issue_Type,System_Component,Customer_Impact,Time_to_Resolve_hrs,Reported_By,Priority,Previous_Occurrences,Issue_Reported_Month,Resolved
0,8544,Hardware,Component_D,High,43.11758327690794,Automated_System,High,2,Jul,True
1,6569,Server,Component_B,Low,71.69501332166959,Customer,Low,6,May,False
2,3990,Server,Component_D,Medium,31.621252995443598,Automated_System,Medium,4,Mar,False
3,3504,Server,Component_C,Low,66.32943515567129,Automated_System,Medium,0,Sep,True
4,1587,Server,Component_D,Medium,25.168704054606476,Automated_System,Medium,2,Jun,False
5,5079,Software,Component_D,Low,4.413388545136491,Automated_System,High,4,Nov,True
6,4348,Software,Component_D,High,15.103310605342665,Customer,Urgent,6,Jan,True
7,7299,Software,Component_B,High,30.43670274792942,Customer,Urgent,2,May,True
8,4831,Software,Component_C,Low,16.203897394511685,Customer,High,5,Jul,False
9,9381,Network,Component_A,High,0.516233232605271,Automated_System,Medium,4,Apr,True
10,2715,Software,Component_A,Low,65.92260994894819,Automated_System,Medium,0,Aug,False
11,7450,Server,Component_C,High,60.83737790301142,Customer,Low,9,Oct,False
12,6433,Hardware,Component_C,Medium,53.57389455131672,Customer,Low,5,May,False
13,2098,Software,Component_C,Low,12.498743588691047,Customer,Medium,7,Sep,True
14,8096,Network,Component_B,Medium,9.105995699014002,Automated_System,High,0,Sep,False
15,3326,Server,Component_A,Medium,5.333739587275395,Customer,Medium,1,Sep,False
16,7416,Hardware,Component_C,Low,52.268086997263865,Automated_System,Low,3,Jan,True
17,7980,Hardware,Component_B,Medium,66.9097691891838,Automated_System,Medium,1,Feb,True
18,7763,Software,Component_A,Low,31.283311195282145,Customer,High,8,Mar,False
19,2674,Hardware,Component_D,Medium,9.018558047717443,Customer,Urgent,9,Apr,False
20,8950,Software,Component_B,Low,37.13608668234562,Automated_System,High,7,Oct,True
21,9915,Software,Component_A,Low,25.441481383292054,Customer,High,7,Sep,False
22,7049,Server,Component_B,High,27.299982091024837,Customer,Low,3,Oct,False
23,2089,Server,Component_A,Low,44.92513962713307,Automated_System,High,4,Jun,False
24,5578,Network,Component_A,Low,51.88834509824747,Automated_System,High,3,Jan,False
25,1155,Server,Component_D,Medium,8.408157319431002,Automated_System,Low,8,Dec,True
26,2958,Server,Component_B,Low,3.0447015026630617,Automated_System,Low,1,Sep,False
27,7344,Software,Component_C,High,71.59461664202861,Automated_System,Urgent,7,Jun,True
28,6779,Server,Component_D,Medium,17.140076947461957,Customer,Medium,1,Apr,False
29,7144,Software,Component_D,Medium,4.348882530954824,Automated_System,High,0,Apr,True
30,6063,Software,Component_A,High,14.076086030358278,Automated_System,Low,9,Mar,False
31,4830,Server,Component_C,Medium,3.285486013915192,Automated_System,Urgent,2,Jul,True
32,9831,Network,Component_B,Medium,28.514478965127775,Customer,Medium,8,Mar,False
33,7659,Network,Component_C,Medium,57.871727588269685,Automated_System,Low,2,Feb,True
34,1441,Hardware,Component_C,Medium,24.898978157677025,Automated_System,Medium,8,Oct,False
35,7040,Hardware,Component_C,High,32.25911359180321,Automated_System,Medium,6,Aug,False
36,6925,Server,Component_C,High,48.804454310071876,Customer,High,9,Apr,True
37,8358,Network,Component_C,Medium,36.88592600999643,Automated_System,High,0,Aug,True
38,5628,Software,Component_A,Medium,62.09336655052468,Automated_System,Low,9,Jan,True
39,7370,Hardware,Component_A,High,62.42155076577159,Automated_System,Medium,4,May,True
40,1948,Software,Component_D,High,1.2086147276174855,Customer,Low,8,Sep,True
41,9179,Hardware,Component_A,High,56.13031091354874,Customer,Low,2,Jan,False
42,7115,Server,Component_D,Medium,33.44245241727968,Customer,Medium,8,Nov,True
43,1459,Network,Component_D,Medium,71.2020987032119,Customer,Low,4,Apr,True
44,8568,Hardware,Component_B,Low,35.05109342509361,Automated_System,Medium,8,Jun,False
45,5646,Network,Component_C,High,71.06306009526327,Automated_System,Medium,9,Oct,True
46,1392,Software,Component_A,Medium,54.451709326210164,Customer,Medium,5,Aug,True
47,2787,Server,Component_B,High,18.275249249851402,Customer,Medium,8,Mar,True
48,8374,Network,Component_A,Medium,38.99524101901747,Automated_System,Urgent,6,May,False
49,2138,Server,Component_D,High,71.43769822271867,Automated_System,Medium,6,Jul,True
50,5741,Network,Component_A,Medium,61.813438454262545,Customer,High,7,Jan,False
51,8418,Software,Component_C,Low,7.461732906072308,Customer,High,6,Jul,False
52,7362,Software,Component_D,Low,51.00559777191472,Customer,High,8,Dec,True
53,3454,Server,Component_D,High,25.208940389763132,Customer,Medium,8,Nov,False
54,4674,Software,Component_B,Medium,0.9992317244448904,Automated_System,High,5,Aug,True
55,2377,Hardware,Component_C,Medium,29.34888928543047,Customer,Urgent,6,Aug,True
56,7701,Network,Component_D,High,17.28494115333545,Customer,Low,1,Sep,True
57,3597,Software,Component_C,Medium,59.049152842213715,Automated_System,Medium,8,Jun,True
58,1141,Hardware,Component_A,High,24.61913853247223,Automated_System,High,0,Dec,True
59,3659,Server,Component_C,Medium,59.66794411769792,Automated_System,Urgent,0,Jun,False
60,5596,Hardware,Component_D,High,0.5427526266878646,Automated_System,Low,2,Feb,False
61,6661,Server,Component_B,Medium,22.50906922686752,Automated_System,Urgent,5,Mar,False
62,7142,Server,Component_D,High,17.743312823004977,Customer,High,4,Apr,False
63,6626,Network,Component_C,Medium,17.200066316405685,Customer,Urgent,1,Apr,True
64,9787,Network,Component_C,Low,5.375343313230583,Customer,Low,8,Aug,True
65,9472,Hardware,Component_D,Medium,13.879385334350873,Automated_System,High,9,Jan,False
66,1423,Network,Component_C,High,40.22179424682182,Customer,Low,3,Oct,True
67,7999,Network,Component_A,Low,21.33231670789873,Automated_System,Urgent,3,Apr,False
68,5249,Network,Component_D,Medium,30.34372693653408,Customer,Medium,4,Nov,False
69,2750,Hardware,Component_B,Low,27.44598194482398,Customer,Medium,7,Dec,False
70,5757,Software,Component_D,Medium,63.12720213749246,Automated_System,Medium,9,Nov,False
71,2967,Network,Component_A,Low,65.22887842925185,Automated_System,Medium,3,Nov,True
72,5088,Network,Component_A,High,35.746423473393996,Customer,Low,4,Apr,True
73,5178,Hardware,Component_A,Medium,24.106150447565714,Customer,Medium,3,Jan,False
74,8789,Software,Component_A,Medium,8.136250336168999,Customer,Low,5,Mar,False
75,3946,Network,Component_A,High,68.6683058758198,Customer,High,2,May,False
76,6394,Server,Component_B,Low,4.806226560371268,Customer,Medium,7,Jun,False
77,8880,Hardware,Component_C,High,21.78199484613205,Automated_System,Low,5,Sep,False
78,6075,Network,Component_A,High,21.811733383655298,Automated_System,Medium,9,Sep,True
79,8230,Network,Component_A,Low,23.408691959025365,Automated_System,Medium,4,Sep,False
80,2531,Server,Component_D,High,12.246509293977264,Automated_System,Medium,1,Nov,False
81,3990,Server,Component_B,Medium,56.49604231104435,Customer,Low,9,Jan,True
82,8155,Hardware,Component_B,Medium,9.25859713056823,Customer,Urgent,9,Dec,True
83,5493,Hardware,Component_C,Medium,45.89582612945114,Automated_System,Medium,6,Sep,True
84,1933,Server,Component_B,High,9.354990909465949,Customer,Medium,1,Aug,True
85,2460,Hardware,Component_D,Medium,5.543298087896394,Automated_System,High,0,Feb,True
86,3723,Server,Component_D,Medium,65.52420951354017,Customer,Urgent,6,Nov,True
87,1285,Network,Component_C,Medium,14.094206791787457,Customer,Low,4,Jan,True
88,1264,Server,Component_D,Medium,59.21938605101886,Customer,High,0,Jan,True
89,7816,Server,Component_A,Medium,39.44110728416021,Automated_System,Medium,3,Dec,True
90,2762,Software,Component_A,Medium,6.066741152027027,Automated_System,High,3,Jun,False
91,1040,Server,Component_D,High,68.81454568782182,Automated_System,High,9,Sep,True
92,6827,Server,Component_C,Medium,18.157723439920314,Automated_System,Medium,6,Jul,False
93,9259,Software,Component_B,Medium,61.964642192711366,Customer,Urgent,8,May,False
94,1987,Hardware,Component_C,Low,12.56991541359634,Customer,Urgent,1,Nov,False
95,8804,Software,Component_B,High,61.55691607314248,Customer,High,0,Feb,False
96,8789,Network,Component_D,High,1.44586012272852,Customer,Medium,1,Jan,False
97,6717,Software,Component_D,High,37.09230264471787,Automated_System,Low,6,Feb,False
98,4198,Network,Component_A,High,55.515144428641314,Customer,High,9,Jan,False
99,6374,Hardware,Component_B,Medium,67.337879500734,Customer,Low,5,Mar,False
100,5790,Software,Component_C,Medium,65.50795273876382,Customer,High,3,Jun,True
101,8183,Software,Component_D,Low,59.10317817265661,Automated_System,High,0,Aug,False
102,3524,Hardware,Component_C,Low,64.00568150078324,Automated_System,Medium,0,Mar,False
103,3479,Network,Component_A,High,14.74420753735097,Automated_System,Medium,4,Oct,False
104,6154,Software,Component_B,Low,20.819177143388607,Customer,Low,0,Sep,False
105,1778,Network,Component_B,Low,21.161249531855685,Automated_System,Low,6,Oct,True
106,2492,Software,Component_D,High,27.459356066621467,Customer,Urgent,0,May,False
107,1660,Server,Component_B,High,28.62242793254099,Customer,Medium,0,Jul,True
108,2348,Software,Component_D,Low,39.435705712809295,Customer,High,1,Aug,True
109,8851,Hardware,Component_A,Medium,11.931403080700559,Automated_System,High,9,Mar,False
110,8156,Hardware,Component_B,Low,49.924136460698236,Automated_System,Urgent,2,Feb,False
111,3044,Network,Component_D,Low,12.481007560272214,Customer,Medium,0,Feb,True
112,8368,Software,Component_C,Medium,22.68705647047515,Customer,High,8,May,False
113,4516,Network,Component_D,Medium,36.489176838340015,Automated_System,Urgent,9,Jan,False
114,5577,Network,Component_B,High,57.44550014892863,Automated_System,Urgent,7,Feb,True
115,1727,Server,Component_A,High,53.372050176569,Automated_System,High,4,Sep,True
116,8468,Server,Component_B,Low,46.65570648335234,Customer,High,1,Jul,False
117,1342,Hardware,Component_B,Medium,11.637788131482166,Customer,Low,4,Jun,False
118,2447,Network,Component_D,High,39.61374221151381,Customer,Medium,5,Sep,False
119,7581,Hardware,Component_C,Low,6.7524248786918095,Automated_System,Low,0,Jul,True
120,7317,Software,Component_B,Medium,27.48146714096053,Automated_System,Urgent,3,Nov,False
121,1526,Network,Component_C,Low,30.06643191573208,Automated_System,High,8,May,True
122,7748,Network,Component_D,High,3.3465179203713986,Customer,Low,1,Sep,True
123,1405,Software,Component_C,High,20.090149112102985,Customer,Urgent,4,Jun,False
124,8986,Software,Component_D,Medium,68.82893690955399,Automated_System,Medium,0,Jun,True
125,4740,Hardware,Component_A,Low,68.6847314598228,Customer,High,3,Nov,False
126,2846,Hardware,Component_C,Medium,25.691384379056558,Automated_System,Low,3,Apr,False
127,2478,Software,Component_C,High,3.58165778980517,Customer,Medium,5,Dec,True
128,1771,Hardware,Component_A,High,13.305288161964981,Automated_System,Low,9,Jan,False
129,6525,Software,Component_C,Low,28.543572230498118,Customer,Urgent,8,May,True
130,9770,Network,Component_A,Low,68.26624840479992,Customer,Medium,2,Nov,True
131,1193,Network,Component_B,Low,10.595733042908721,Automated_System,Low,8,Sep,False
132,3007,Server,Component_D,Medium,55.091382822277176,Automated_System,Medium,5,Aug,False
133,2185,Network,Component_A,Low,8.270801565290483,Automated_System,Urgent,6,Aug,False
134,3394,Software,Component_C,Low,70.65991678347629,Automated_System,Medium,9,May,False
135,5005,Hardware,Component_A,High,27.78557968630315,Automated_System,Low,1,Dec,True
136,8429,Server,Component_C,High,55.92926953128251,Customer,Urgent,9,Sep,True
137,3261,Hardware,Component_B,Low,24.995262420995925,Automated_System,High,5,Mar,True
138,4736,Software,Component_A,Low,45.37832471685482,Automated_System,Low,5,Mar,False
139,7716,Network,Component_B,High,14.229150058912627,Automated_System,Low,1,Jan,True
140,5875,Server,Component_D,Low,10.940502879732822,Customer,Urgent,1,Sep,True
141,9921,Software,Component_C,Medium,67.57158597912138,Automated_System,Urgent,1,Jun,False
142,5378,Server,Component_C,Medium,66.111780370167,Automated_System,High,9,Feb,False
143,8815,Server,Component_B,Medium,63.95402922522109,Automated_System,Low,0,Aug,False
144,4451,Network,Component_D,Low,45.218491686911435,Customer,Urgent,4,Dec,True
145,8616,Software,Component_A,High,58.291177101963896,Customer,High,7,Sep,False
146,3800,Hardware,Component_A,Low,5.436140989163306,Automated_System,High,1,Sep,True
147,9333,Server,Component_C,Low,24.43741649518356,Customer,Urgent,4,Feb,True
148,6410,Server,Component_B,High,22.92977342013667,Automated_System,Low,7,Feb,True
149,2455,Hardware,Component_B,High,45.94864051961185,Customer,Medium,9,Jul,True
150,7892,Software,Component_A,High,25.950980803150795,Automated_System,Medium,4,Nov,True
151,6808,Server,Component_D,Medium,11.118234887523178,Customer,High,1,Apr,False
152,7796,Server,Component_D,Low,43.147395892068374,Automated_System,Medium,2,Jan,True
153,5796,Server,Component_A,High,58.728450327839326,Automated_System,Medium,5,Aug,False
154,6093,Software,Component_A,Low,27.821829853888083,Customer,Urgent,4,Feb,True
155,2325,Software,Component_B,Medium,9.957213129541442,Automated_System,High,3,Mar,True
156,5976,Hardware,Component_D,Medium,14.563206107866849,Automated_System,Low,3,May,False
157,2159,Software,Component_A,High,17.480056319610956,Automated_System,High,4,Mar,True
158,5650,Software,Component_A,High,21.94267789910934,Automated_System,Urgent,1,Jul,True
159,5987,Network,Component_C,Low,46.4598475412011,Customer,Medium,8,Jul,False
160,5697,Hardware,Component_A,High,43.46760214444691,Automated_System,Low,1,Feb,False
161,1340,Server,Component_A,Low,50.2697101020433,Customer,High,9,Jul,True
162,4828,Software,Component_D,High,26.418891894003192,Customer,Medium,1,Nov,True
163,2968,Server,Component_B,Low,59.415832109418446,Customer,High,9,Jun,True
164,1703,Server,Component_D,Low,15.092267772636859,Customer,Low,8,Oct,False
165,6482,Network,Component_B,Low,34.03641344754801,Automated_System,High,2,Sep,True
166,7376,Software,Component_C,Low,57.76711859021227,Automated_System,High,9,Sep,False
167,2800,Hardware,Component_A,Medium,13.381343312882276,Customer,High,6,Feb,False
168,6463,Software,Component_C,Low,8.355212632465982,Automated_System,Medium,3,Jul,True
169,5912,Server,Component_B,High,63.68340368969127,Customer,Low,5,May,False
170,5648,Hardware,Component_D,Medium,25.019470887282505,Automated_System,Low,3,Jun,True
171,1855,Software,Component_D,Medium,49.39671393099579,Automated_System,Medium,9,Jan,True
172,3866,Server,Component_C,Low,2.312425204871601,Automated_System,Medium,6,Jul,False
173,1182,Server,Component_B,Medium,49.838352521275645,Customer,Medium,0,Jun,False
174,4112,Network,Component_C,Low,23.101243775608392,Customer,Urgent,2,Apr,False
175,6670,Network,Component_C,High,4.485471031502085,Automated_System,High,2,Jan,False
176,5492,Network,Component_A,Low,44.10161245069037,Customer,High,0,Sep,False
177,6823,Server,Component_C,Medium,17.717472849231886,Customer,Low,5,Apr,False
178,2517,Software,Component_A,High,28.15671780670942,Automated_System,High,8,Feb,True
179,6002,Network,Component_A,Low,6.261528078485722,Customer,Urgent,7,Aug,True
180,2356,Software,Component_D,High,11.02217245328859,Automated_System,Medium,6,Feb,True
181,4629,Network,Component_A,High,21.80537233795283,Automated_System,Low,9,May,False
182,4628,Hardware,Component_A,Medium,6.917804290051235,Automated_System,Low,7,Nov,False
183,9210,Hardware,Component_D,High,65.62407792507153,Customer,High,5,Jun,False
184,7132,Network,Component_C,Medium,0.9323635876544569,Automated_System,Low,8,Nov,True
185,7588,Server,Component_B,High,35.09600564879827,Automated_System,Medium,2,Aug,True
186,4311,Network,Component_B,Low,9.312193256477428,Customer,Low,9,Nov,False
187,7048,Network,Component_B,High,22.49905489767332,Customer,Medium,9,Jan,False
188,7246,Server,Component_C,Low,66.71325852700598,Customer,Urgent,8,Jan,False
189,1987,Hardware,Component_A,Low,12.06116055909006,Customer,Urgent,3,Dec,False
190,4321,Software,Component_B,High,69.55701085986078,Automated_System,Medium,6,Apr,True
191,5615,Network,Component_C,Low,15.214297954743653,Customer,High,8,May,True
192,9365,Server,Component_A,High,53.52197675537831,Customer,Low,1,Sep,True
193,4741,Network,Component_D,High,39.58742444015779,Customer,High,1,Nov,False
194,4052,Server,Component_B,Low,63.74022902316828,Customer,Low,8,Jul,True
195,7574,Software,Component_A,Low,40.11051776847386,Automated_System,Urgent,2,Jul,False
196,1726,Software,Component_B,Medium,38.72098416967607,Customer,Urgent,8,Aug,False
197,4760,Hardware,Component_B,Low,14.475247026340591,Automated_System,Urgent,4,May,False
198,6806,Server,Component_B,Medium,12.3853993866936,Customer,Low,5,May,True
199,2875,Server,Component_A,Low,66.02897430475926,Automated_System,Urgent,1,Jan,True
200,7993,Hardware,Component_C,High,23.940431217777437,Automated_System,Urgent,7,Sep,False
201,5033,Hardware,Component_A,Low,27.103881229847058,Customer,Urgent,8,Jun,True
202,6443,Server,Component_B,High,54.82739157762977,Automated_System,Urgent,1,Sep,False
203,1989,Hardware,Component_A,High,24.725878993230726,Customer,High,5,Mar,False
204,4744,Software,Component_D,High,68.5724649346887,Automated_System,Urgent,5,May,False
205,9611,Network,Component_C,Medium,53.261835483414224,Automated_System,Urgent,7,Feb,True
206,1593,Software,Component_A,Low,43.21619084399953,Automated_System,High,9,Oct,True
207,2774,Hardware,Component_D,High,63.4840039789498,Customer,High,4,May,False
208,1935,Server,Component_C,High,4.046822446988017,Automated_System,Low,8,Aug,True
209,4808,Server,Component_D,Medium,18.879982491528423,Customer,Medium,0,Nov,True
210,1331,Software,Component_C,Low,33.75009789679506,Automated_System,Urgent,8,Feb,True
211,8922,Server,Component_A,Low,16.728965572213752,Automated_System,Urgent,9,Aug,True
212,3702,Hardware,Component_D,Medium,53.68922089210386,Automated_System,Urgent,6,Apr,False
213,6889,Software,Component_B,Medium,66.22337422034136,Automated_System,Low,3,Oct,True
214,6054,Server,Component_D,Low,30.799563575061022,Automated_System,Urgent,2,Oct,False
215,4868,Network,Component_C,Medium,24.96248090800049,Automated_System,Medium,9,Jan,False
216,5200,Network,Component_A,Low,69.25087734783598,Customer,High,5,May,True
217,1201,Hardware,Component_C,Low,32.30694894716917,Customer,Low,0,Jan,False
218,3497,Server,Component_D,High,35.46696063212375,Customer,High,2,Jul,False
219,2842,Hardware,Component_D,High,25.642965872446233,Automated_System,Urgent,1,Aug,True
220,5658,Software,Component_B,Low,65.5327158203679,Customer,Urgent,8,Mar,False
221,8544,Network,Component_A,Low,41.18031705465233,Automated_System,Urgent,2,Mar,False
222,8718,Software,Component_A,Low,54.99548298348759,Customer,Medium,1,Jul,True
223,1770,Server,Component_D,Low,58.544180362088376,Customer,Medium,3,Apr,True
224,4155,Hardware,Component_A,Low,24.94220649708396,Automated_System,Low,1,Mar,True
225,2628,Hardware,Component_B,Low,31.509144689407172,Automated_System,High,0,Aug,True
226,1386,Hardware,Component_C,Medium,61.16573187004792,Customer,Urgent,5,Mar,True
227,7031,Software,Component_A,Low,26.472757644820433,Customer,Urgent,9,Jul,False
228,7439,Network,Component_D,Medium,57.26636204180737,Customer,Urgent,7,Feb,False
229,7401,Software,Component_C,Medium,67.78095106407226,Customer,Urgent,9,Nov,True
230,5008,Software,Component_C,Low,45.0595416743625,Automated_System,Medium,9,Nov,True
231,3466,Server,Component_B,Low,53.52635105281006,Customer,High,1,Jan,False
232,3282,Server,Component_D,Medium,58.06445781094114,Automated_System,High,8,Dec,True
233,2856,Server,Component_A,Medium,60.92033489610994,Automated_System,Low,2,Jun,True
234,8980,Network,Component_D,Low,28.74631365676091,Customer,Medium,7,Aug,False
235,2998,Network,Component_C,Low,4.165337331083869,Automated_System,Urgent,7,Jan,False
236,6476,Server,Component_D,Medium,29.234153393426876,Customer,High,2,Oct,False
237,5669,Server,Component_A,Medium,48.67357042956242,Automated_System,High,2,Dec,True
238,5318,Network,Component_A,Medium,32.70005258332668,Automated_System,Medium,5,Sep,False
239,8064,Hardware,Component_B,High,54.050865286518494,Customer,Low,0,Mar,True
240,8446,Network,Component_A,Medium,26.024243707009468,Automated_System,Low,3,Mar,False
241,2431,Network,Component_A,High,45.884206088938114,Automated_System,Urgent,0,Apr,True
242,6624,Network,Component_D,Low,13.829016047059183,Customer,Low,2,Nov,True
243,8461,Server,Component_D,Low,54.07991472011442,Automated_System,High,8,Jan,True
244,2819,Hardware,Component_C,Medium,39.51726177013135,Automated_System,Low,4,Sep,False
245,2130,Network,Component_B,Low,15.090603781081942,Customer,Urgent,4,Nov,False
246,7563,Server,Component_D,Low,21.37164890509322,Customer,High,3,Mar,False
247,3658,Software,Component_A,Low,54.025522663601016,Automated_System,Low,2,Oct,True
248,4500,Software,Component_C,Low,35.00598834979873,Automated_System,Low,4,Apr,False
249,9566,Network,Component_D,High,15.946247988104663,Automated_System,Medium,3,Jan,False
250,3120,Software,Component_B,High,69.65989011147629,Customer,Urgent,7,Apr,True
251,5020,Hardware,Component_B,Medium,51.631438916907484,Automated_System,Low,3,Jan,True
252,4259,Software,Component_C,Medium,68.93514052659542,Automated_System,Medium,7,May,False
253,2823,Software,Component_C,Medium,31.03801074326454,Automated_System,High,5,May,False
254,2474,Hardware,Component_C,Low,34.46967435945801,Automated_System,Medium,4,Nov,False
255,3242,Network,Component_C,Low,64.70379795722887,Automated_System,Medium,3,Jul,True
256,4243,Network,Component_C,High,38.041027827545,Automated_System,Low,3,Aug,False
257,7990,Hardware,Component_A,High,51.070442201255204,Customer,Low,3,Apr,True
258,6160,Hardware,Component_A,Medium,18.530360740930394,Customer,Low,8,Jul,True
259,4134,Hardware,Component_D,High,32.4409425122388,Automated_System,Medium,3,Apr,False
260,3070,Software,Component_B,High,9.32666540544039,Automated_System,High,8,Mar,False
261,1359,Hardware,Component_A,High,15.22757256520276,Customer,Urgent,9,Jun,True
262,2141,Server,Component_A,High,0.5674541916356227,Customer,Medium,5,Apr,True
263,2635,Software,Component_A,High,3.3074511928792067,Customer,Low,9,Mar,False
264,5000,Network,Component_D,Medium,70.37579335715044,Automated_System,Urgent,6,Sep,False
265,4361,Network,Component_C,Medium,17.828289202278505,Automated_System,High,9,May,False
266,7583,Network,Component_D,High,47.92671572953614,Automated_System,Urgent,2,Jul,True
267,8835,Software,Component_B,Medium,60.49562846417223,Automated_System,Low,7,Dec,True
268,1006,Server,Component_B,Low,39.87222283541434,Customer,Medium,2,Jun,False
269,4267,Hardware,Component_B,High,11.449831756002867,Customer,Medium,0,Oct,True
270,7564,Hardware,Component_B,Low,52.560325269535895,Customer,Low,9,May,True
271,5928,Network,Component_A,Medium,43.41797582212019,Customer,Medium,4,Jul,False
272,3606,Network,Component_A,Medium,52.78441713833732,Automated_System,Low,1,Nov,True
273,6906,Software,Component_D,Low,55.536883534281735,Automated_System,Medium,9,Jun,False
274,4273,Server,Component_C,Medium,70.24184128945927,Customer,Medium,5,Oct,False
275,8611,Hardware,Component_B,High,41.50977452190976,Customer,Medium,9,Feb,True
276,1913,Software,Component_D,Low,24.92733955737803,Customer,High,8,Mar,True
277,3011,Hardware,Component_A,High,46.86521581836695,Customer,High,0,Feb,False
278,2442,Network,Component_A,Low,5.393510710847768,Customer,Low,3,Dec,True
279,6546,Hardware,Component_C,Medium,64.66390825999342,Automated_System,High,0,Mar,False
280,2829,Server,Component_C,Low,9.03574231068107,Automated_System,Low,0,Jan,True
281,9767,Server,Component_C,Low,23.940762908836003,Customer,Urgent,7,Aug,True
282,7468,Network,Component_D,High,58.825794714767646,Customer,Urgent,1,Jun,True
283,1929,Server,Component_A,Medium,43.2078350506459,Customer,High,0,Feb,False
284,4699,Server,Component_A,High,28.64493969983711,Automated_System,Urgent,7,Aug,True
285,2054,Software,Component_C,Medium,34.35064964531403,Automated_System,Urgent,3,Jun,False
286,6744,Hardware,Component_B,High,61.60013861395589,Automated_System,Medium,2,Jul,False
287,2900,Network,Component_C,Low,24.81031360328229,Customer,Medium,3,Nov,False
288,7980,Network,Component_D,High,62.67995246407025,Automated_System,Low,4,Jan,True
289,8069,Network,Component_C,Medium,6.801611814833442,Customer,Urgent,0,Jul,False
290,4415,Network,Component_C,Medium,56.0410882604171,Automated_System,Low,0,Mar,False
291,1442,Network,Component_D,Low,61.09965576341365,Automated_System,Low,2,Nov,True
292,7218,Server,Component_C,Medium,13.49996217786972,Automated_System,Urgent,5,Dec,False
293,5652,Software,Component_A,High,31.26977706461233,Customer,High,0,Aug,False
294,8939,Network,Component_B,Low,12.333233888451376,Customer,Urgent,1,Jun,True
295,8833,Software,Component_C,Medium,51.02219522308657,Automated_System,Medium,6,Apr,False
296,8597,Software,Component_D,Medium,38.77736541640846,Customer,Urgent,0,Nov,True
297,5458,Server,Component_B,High,45.925619289644956,Customer,High,6,Aug,False
298,7591,Network,Component_D,High,14.548818137369098,Customer,Low,3,Sep,False
299,3309,Server,Component_B,Low,15.639829136747995,Customer,Low,9,Oct,True
300,7268,Network,Component_B,Medium,3.467058773958305,Customer,Medium,5,Feb,False
301,1910,Server,Component_C,High,23.527828766494675,Customer,Medium,7,Jun,False
302,5340,Software,Component_A,Low,40.52174328535776,Customer,Medium,8,May,False
303,5009,Network,Component_C,Medium,61.84234635080901,Automated_System,Low,5,May,True
304,7628,Hardware,Component_D,Medium,48.18531249329567,Customer,Medium,8,Oct,True
305,3169,Software,Component_D,Low,31.630837123082227,Customer,Urgent,3,Nov,True
306,3172,Hardware,Component_B,Low,68.64808817918085,Automated_System,Low,5,Mar,True
307,6668,Software,Component_B,High,51.92603184117198,Automated_System,High,7,Dec,True
308,7313,Server,Component_A,Medium,67.00681200467233,Automated_System,Low,8,Aug,False
309,9315,Network,Component_C,Medium,38.222540088959846,Automated_System,Urgent,2,Aug,True
310,9036,Software,Component_D,Medium,19.011655647709482,Customer,Urgent,1,Dec,True
311,7789,Server,Component_B,Low,4.2771080750776225,Automated_System,Medium,5,May,True
312,1785,Network,Component_A,High,52.41506688109531,Automated_System,Low,3,Aug,False
313,7139,Network,Component_D,Medium,9.17316435739569,Customer,Low,0,Oct,False
314,7344,Software,Component_B,Low,22.148421671445654,Customer,Low,7,Aug,True
315,3416,Network,Component_D,Medium,38.57166991369866,Customer,High,8,Mar,False
316,9988,Software,Component_A,High,40.85578602625196,Automated_System,Medium,8,Feb,False
317,5154,Network,Component_A,Medium,43.44169858458022,Customer,Urgent,1,Sep,False
318,6619,Hardware,Component_D,High,12.387256120003595,Automated_System,Urgent,8,Feb,False
319,2936,Server,Component_C,High,27.651224444747886,Customer,Medium,6,Sep,True
320,4807,Hardware,Component_D,Medium,44.62938723886312,Customer,Urgent,4,Apr,True
321,8151,Software,Component_B,Medium,69.84204882131561,Automated_System,Urgent,6,Dec,False
322,4236,Hardware,Component_C,High,52.52562634552774,Customer,Medium,8,Feb,False
323,3352,Software,Component_B,Low,66.46616863221799,Customer,Urgent,7,Oct,False
324,2932,Network,Component_D,High,54.99816216946366,Customer,Low,5,Jan,False
325,9556,Network,Component_C,Medium,42.80776327580663,Customer,High,3,Apr,True
326,5916,Software,Component_B,Medium,14.229670893248635,Customer,Medium,0,Sep,False
327,6498,Hardware,Component_D,Low,48.16802411031468,Automated_System,High,5,Dec,True
328,1946,Network,Component_D,High,45.07163896613336,Automated_System,Urgent,2,Sep,False
329,2439,Server,Component_C,High,43.57654568769455,Customer,Urgent,5,Apr,True
330,8730,Network,Component_D,High,35.51968956115921,Automated_System,Low,5,Sep,False
331,5857,Server,Component_A,Medium,38.2989471852332,Automated_System,Medium,3,Dec,True
332,1340,Hardware,Component_B,High,24.412640688944443,Automated_System,Urgent,1,Jun,True
333,1382,Server,Component_B,Low,37.630857523924675,Customer,Medium,8,Jan,True
334,9491,Server,Component_D,Medium,14.625247256011194,Customer,Medium,1,Oct,False
335,1138,Server,Component_D,Medium,58.06996941126694,Customer,Medium,2,Jun,True
336,1358,Server,Component_A,High,13.783052260957609,Automated_System,Medium,9,Sep,False
337,5931,Network,Component_C,Low,6.575089727096849,Automated_System,Medium,0,Feb,True
338,4456,Server,Component_D,Medium,31.69159088453675,Customer,High,6,Jun,True
339,2627,Network,Component_D,Medium,47.56898192468342,Customer,Low,0,Feb,False
340,7626,Server,Component_D,High,31.796752982748206,Automated_System,Medium,8,Apr,True
341,6004,Software,Component_D,High,20.287920434518565,Automated_System,High,0,Aug,False
342,7652,Hardware,Component_B,Low,40.40923964816651,Customer,Urgent,4,Jul,False
343,7416,Server,Component_D,High,25.310666981972297,Automated_System,Medium,6,Nov,False
344,4170,Software,Component_B,Low,67.20003984405426,Automated_System,Urgent,2,Dec,False
345,4835,Server,Component_D,Medium,66.4691274816554,Automated_System,Medium,8,Sep,True
346,9017,Server,Component_C,Low,36.419585128004826,Automated_System,High,7,Jul,True
347,3151,Server,Component_A,Low,23.943705572305483,Automated_System,High,2,Jan,False
348,7905,Software,Component_C,Low,53.204967597899696,Automated_System,High,4,Feb,True
349,3834,Hardware,Component_D,Medium,3.124975459039265,Automated_System,Low,6,Jun,True
350,3567,Software,Component_D,High,34.44598393212107,Customer,Urgent,3,Jul,False
351,2307,Hardware,Component_D,Medium,24.547122690328848,Customer,Low,4,Mar,True
352,9848,Server,Component_C,High,66.31831578483266,Automated_System,Medium,2,Sep,False
353,3660,Network,Component_D,Low,1.3582164499968017,Automated_System,Urgent,8,Jul,True
354,4730,Server,Component_C,Low,40.02626361386196,Automated_System,High,9,Jun,True
355,7207,Hardware,Component_B,Low,53.45744604626376,Customer,Urgent,8,Jun,False
356,4162,Software,Component_A,Low,35.178786107968946,Customer,High,6,Jan,True
357,2140,Server,Component_A,Low,6.606316656634599,Automated_System,Low,9,May,True
358,9458,Software,Component_C,High,70.030989386995,Customer,Low,1,Oct,False
359,2708,Software,Component_B,High,37.537745843391,Automated_System,High,6,Mar,True
360,4630,Software,Component_C,Low,44.41431646880931,Automated_System,High,6,Jul,False
361,4211,Server,Component_B,Medium,17.417599463586775,Automated_System,Medium,4,Oct,True
362,7538,Software,Component_D,Medium,35.07011308513647,Automated_System,Low,8,Mar,False
363,1475,Software,Component_B,Low,31.184188675020014,Automated_System,Low,2,May,False
364,8684,Server,Component_B,High,5.855052703141837,Automated_System,Medium,3,Jul,False
365,2207,Software,Component_B,Medium,8.090465278643906,Automated_System,Low,0,Mar,False
366,2960,Server,Component_A,Medium,60.37928515274238,Customer,High,5,Oct,False
367,1557,Hardware,Component_B,Medium,17.647126582771204,Automated_System,Urgent,3,Feb,True
368,1882,Hardware,Component_D,Low,14.439516412152084,Customer,Urgent,0,Jun,True
369,5761,Hardware,Component_D,Medium,36.60116876438496,Automated_System,Low,1,Aug,False
370,6867,Software,Component_D,Medium,55.465419892419675,Automated_System,Medium,2,Apr,True
371,7963,Network,Component_B,Medium,4.929176078397636,Customer,High,8,Sep,False
372,8166,Network,Component_C,Medium,41.74176625413529,Customer,Urgent,7,Dec,True
373,8929,Software,Component_C,High,9.023546663100996,Automated_System,High,6,Dec,True
374,6347,Network,Component_D,Low,3.1069651340317197,Customer,Low,3,Aug,False
375,8269,Server,Component_A,Low,4.2711925795985435,Automated_System,Low,0,Jul,False
376,9125,Network,Component_C,High,60.14273373690356,Automated_System,Urgent,7,Jul,True
377,3454,Software,Component_B,High,8.935032579406402,Customer,Low,3,Mar,True
378,5494,Software,Component_C,Low,3.7283225554788744,Customer,Medium,2,Jun,False
379,2946,Server,Component_D,Medium,31.80984193071823,Customer,Low,8,May,True
380,3808,Hardware,Component_A,Medium,60.845533243854774,Customer,Low,9,Jan,True
381,7642,Software,Component_C,Low,19.26219891898509,Automated_System,Low,3,Nov,False
382,4825,Server,Component_C,Medium,30.65245215310302,Customer,High,3,Mar,True
383,4536,Network,Component_D,High,3.3544610783082125,Customer,High,8,Dec,False
384,7068,Network,Component_A,Medium,32.60911376064362,Customer,Urgent,1,Jan,False
385,4802,Server,Component_A,Medium,41.79933526555506,Customer,Urgent,4,Apr,False
386,5699,Server,Component_D,Medium,41.31985434327835,Customer,Urgent,3,Oct,True
387,2970,Software,Component_B,Low,24.26850849046711,Automated_System,Low,8,Mar,True
388,6806,Network,Component_C,High,23.06062241741419,Automated_System,High,4,Nov,False
389,7142,Server,Component_B,Medium,8.123588753966748,Customer,Medium,8,Apr,False
390,3819,Network,Component_C,Low,26.72607992620819,Customer,Low,8,Sep,True
391,1364,Server,Component_C,Medium,7.613868824416973,Automated_System,Low,1,Mar,True
392,5258,Network,Component_B,High,55.31161004691169,Customer,Low,8,Dec,True
393,4119,Hardware,Component_D,Medium,69.5886122889953,Automated_System,Medium,2,Jun,False
394,2863,Software,Component_D,High,69.86032365166955,Automated_System,Urgent,3,Jun,False
395,1115,Network,Component_C,Medium,62.35258360534066,Customer,Medium,0,Jul,True
396,8084,Hardware,Component_D,High,43.45663867778276,Automated_System,Urgent,0,Sep,True
397,9016,Network,Component_C,Medium,50.61189735293741,Customer,Medium,0,Dec,True
398,3384,Network,Component_D,High,20.892214891649605,Customer,High,8,Jul,False
399,4935,Hardware,Component_C,Medium,45.60008504234238,Automated_System,Low,7,Jan,False
400,8742,Network,Component_D,Medium,33.07894278495124,Automated_System,Low,4,Aug,True
401,6442,Network,Component_A,Low,34.96423979405068,Customer,Low,4,May,True
402,3490,Software,Component_B,Low,54.681024066823795,Automated_System,Urgent,8,Sep,False
403,7980,Hardware,Component_A,High,20.65716242520349,Customer,Medium,2,Oct,False
404,8661,Hardware,Component_B,Medium,23.239832236158172,Automated_System,High,2,Dec,True
405,2724,Server,Component_B,High,66.61188806569751,Automated_System,Medium,6,May,True
406,9182,Network,Component_C,Low,4.5200370818445155,Customer,Low,8,May,True
407,3767,Software,Component_B,High,35.222852336553835,Customer,High,5,Dec,False
408,2137,Network,Component_A,High,65.76525722916212,Customer,High,1,Dec,True
409,5117,Network,Component_A,Low,44.14095505899822,Automated_System,Low,0,Feb,False
410,4420,Server,Component_D,Medium,39.568105806167445,Customer,Medium,1,Dec,False
411,6845,Network,Component_A,High,18.356708814898898,Customer,Low,0,Nov,True
412,5778,Software,Component_D,Low,25.044197468108052,Automated_System,Medium,9,Mar,True
413,4906,Software,Component_B,Medium,61.421461730035546,Automated_System,High,9,Oct,False
414,4637,Server,Component_A,Low,40.484096421444754,Customer,High,8,Sep,True
415,3953,Network,Component_B,High,37.30406685360976,Customer,Low,9,Jul,False
416,6929,Software,Component_A,Medium,7.619949518112068,Customer,High,7,Jan,True
417,1276,Network,Component_A,Medium,1.6460131865413032,Customer,Urgent,6,Mar,True
418,2999,Network,Component_D,Low,69.40349099112402,Automated_System,High,2,Dec,True
419,2227,Network,Component_B,Low,27.454510961009177,Automated_System,Urgent,7,Feb,True
420,7337,Server,Component_A,Low,43.62973394011456,Customer,High,1,Jan,False
421,4735,Network,Component_C,Medium,6.199627732890876,Customer,Low,1,Sep,False
422,1695,Software,Component_B,Medium,49.34267142919783,Customer,Low,9,Aug,False
423,5152,Network,Component_B,High,67.17851967247621,Automated_System,Urgent,2,May,True
424,8901,Software,Component_B,Medium,41.66006558931551,Customer,Low,6,Nov,False
425,8470,Network,Component_D,High,9.517245549841855,Customer,High,0,Dec,False
426,8537,Software,Component_C,Low,42.09308921435358,Automated_System,High,7,Feb,False
427,3841,Software,Component_B,Low,55.29382573698265,Automated_System,Low,6,Jan,True
428,5208,Network,Component_A,Medium,29.558782365042333,Customer,High,3,Jul,False
429,9733,Network,Component_A,Low,63.408398977814954,Customer,Medium,4,Nov,True
430,2088,Software,Component_D,Low,46.88083116505156,Automated_System,Medium,9,Nov,True
431,4363,Hardware,Component_A,Medium,64.79629765767798,Customer,High,0,Feb,False
432,1024,Server,Component_B,High,45.08062975418461,Customer,Low,3,Jan,True
433,7144,Hardware,Component_A,Medium,9.887089998344932,Automated_System,Urgent,0,Feb,False
434,6668,Hardware,Component_B,High,22.64295734402102,Automated_System,Low,0,Jul,False
435,5236,Network,Component_A,Medium,14.92833880005067,Automated_System,Urgent,9,Jul,False
436,9068,Server,Component_C,Medium,65.48109458675566,Customer,Low,0,Oct,False
437,3235,Hardware,Component_D,Low,54.86860481105501,Automated_System,High,6,Jun,False
438,8295,Network,Component_D,Medium,48.86248337706543,Automated_System,Medium,6,May,True
439,9392,Hardware,Component_C,Medium,22.01909185366095,Customer,Low,3,Mar,False
440,9448,Hardware,Component_C,High,13.659201201590268,Customer,Urgent,1,Dec,True
441,4747,Network,Component_D,Low,54.586252791207194,Automated_System,Medium,2,Mar,False
442,4175,Network,Component_C,High,34.402293130354195,Automated_System,Urgent,7,Nov,False
443,5897,Network,Component_B,High,16.64395297876998,Customer,High,7,Dec,False
444,6037,Server,Component_A,Low,44.588471438817166,Customer,Medium,5,Sep,True
445,8427,Hardware,Component_D,Low,3.3838704278993164,Automated_System,Urgent,9,Apr,True
446,9605,Network,Component_C,Low,23.821173170170127,Automated_System,Low,8,Sep,True
447,3014,Software,Component_B,Medium,34.00182511326613,Customer,High,8,Apr,True
448,2381,Hardware,Component_D,Low,11.079020888822518,Automated_System,High,3,Feb,False
449,2098,Software,Component_C,Low,70.90279514774502,Customer,High,0,Apr,False
450,4426,Server,Component_D,Low,15.450461568157419,Automated_System,Low,0,Jun,True
451,4655,Network,Component_C,High,9.820248798093486,Customer,Low,9,Jun,True
452,8938,Software,Component_D,High,15.052743482913092,Customer,Medium,4,May,True
453,1187,Server,Component_B,Medium,55.48787102092028,Automated_System,Low,1,Jan,False
454,6409,Network,Component_B,High,30.92365463793676,Automated_System,Medium,5,Mar,True
455,3092,Software,Component_A,Medium,40.927239692306465,Customer,High,6,May,True
456,3130,Software,Component_D,High,2.002154724524793,Automated_System,Medium,0,Jun,False
457,6242,Server,Component_A,Low,2.961838562991991,Automated_System,Urgent,5,Jan,True
458,9549,Network,Component_D,High,32.37652681263165,Automated_System,High,7,Sep,False
459,6647,Network,Component_C,Medium,58.89084988891608,Customer,High,4,Mar,False
460,6185,Software,Component_C,High,63.794579827590915,Automated_System,Medium,6,Oct,False
461,6776,Software,Component_A,Low,6.699519583088275,Automated_System,High,9,Mar,False
462,8913,Software,Component_D,Medium,38.99296180022313,Customer,Low,5,Nov,False
463,8547,Network,Component_A,Low,65.79592256896784,Automated_System,Urgent,3,Feb,True
464,8823,Server,Component_B,Low,28.240051939448875,Automated_System,Medium,6,Aug,True
465,8355,Server,Component_A,Medium,59.813956947128354,Customer,Medium,9,Mar,False
466,7465,Network,Component_A,Low,10.059239289559688,Customer,High,8,Jun,False
467,2497,Hardware,Component_C,Low,67.38070601124761,Automated_System,Low,9,Feb,True
468,3555,Server,Component_A,High,54.22676720348814,Automated_System,High,9,Jul,True
469,6409,Software,Component_D,Low,67.80540908426347,Customer,High,6,Apr,False
470,3951,Hardware,Component_C,Low,48.87813219900421,Customer,Medium,4,Sep,True
471,2238,Hardware,Component_A,Low,26.48338113795903,Automated_System,High,6,Oct,True
472,5727,Server,Component_B,Low,67.57995383551766,Automated_System,Urgent,2,Sep,False
473,4965,Hardware,Component_A,Medium,20.20302450610626,Automated_System,High,1,Jul,True
474,6686,Hardware,Component_A,High,24.250335327413875,Customer,High,4,Dec,True
475,4701,Server,Component_A,Low,50.60780188712443,Automated_System,Medium,3,Aug,True
476,3780,Server,Component_C,Low,55.22011541606512,Customer,High,4,Mar,True
477,8398,Hardware,Component_D,Medium,66.9523490952145,Customer,Low,7,Nov,False
478,2588,Software,Component_B,Low,15.143372247518979,Customer,Medium,3,May,True
479,3368,Network,Component_A,Medium,57.55685951817451,Automated_System,High,8,Feb,False
480,6789,Hardware,Component_D,High,53.30604281788288,Automated_System,Urgent,6,Oct,True
481,1436,Hardware,Component_D,High,5.061310772132248,Automated_System,Urgent,9,Jul,False
482,3828,Software,Component_C,Low,28.186454596529796,Customer,Medium,6,Aug,False
483,2556,Hardware,Component_B,Low,20.717730179797048,Automated_System,Medium,7,Sep,True
484,8570,Hardware,Component_C,Low,22.271065341313175,Customer,High,5,Nov,False
485,8480,Network,Component_D,Medium,70.7807018881611,Customer,Low,7,Nov,False
486,1182,Network,Component_D,Low,46.458585063814844,Customer,High,2,Jul,False
487,8190,Network,Component_D,Low,51.81384528223522,Customer,Urgent,9,Oct,False
488,7687,Server,Component_C,High,70.32816106802315,Customer,Low,9,Oct,False
489,6565,Server,Component_B,Low,27.469927445721165,Customer,Low,0,Aug,True
490,8241,Network,Component_A,High,57.831572044375626,Automated_System,Low,5,Dec,False
491,8651,Network,Component_C,Low,31.568963876271418,Customer,High,0,Sep,False
492,6575,Server,Component_D,High,62.67165753477105,Automated_System,Urgent,8,Jun,True
493,2589,Software,Component_C,Low,13.417014203758178,Customer,Medium,1,Dec,True
494,9851,Hardware,Component_D,High,68.259561660096,Automated_System,High,1,Dec,False
495,1159,Hardware,Component_A,Medium,16.142177151377897,Automated_System,Medium,6,Oct,True
496,7555,Network,Component_A,High,23.824766249136605,Automated_System,Low,1,Feb,True
497,9244,Software,Component_B,High,54.56774473863481,Automated_System,Low,9,Feb,True
498,7846,Server,Component_D,High,28.653492621926578,Customer,High,7,Apr,True
499,3307,Network,Component_B,Low,43.98711343880093,Customer,Urgent,5,Sep,True
500,2228,Software,Component_B,Low,32.28700532646414,Customer,Low,6,Jul,True
501,8226,Software,Component_A,Low,53.5794505019194,Customer,Medium,6,Feb,False
502,6590,Software,Component_C,Medium,16.825684544355674,Automated_System,Medium,5,Aug,False
503,7919,Server,Component_C,Medium,4.679746087436706,Automated_System,High,9,Nov,True
504,6585,Server,Component_B,High,21.944951919324236,Automated_System,Medium,8,Jul,True
505,7046,Hardware,Component_A,Medium,34.41306953809276,Customer,Urgent,8,Sep,False
506,5945,Hardware,Component_D,High,12.513433731776518,Automated_System,Low,6,Aug,True
507,8927,Software,Component_C,High,25.86800621043179,Customer,Medium,8,Mar,False
508,8016,Software,Component_B,High,29.09878580799015,Automated_System,Medium,9,Jan,True
509,8758,Server,Component_C,Medium,4.6035168237115585,Automated_System,Low,2,Feb,False
510,6086,Hardware,Component_C,Low,42.206468245170626,Automated_System,High,2,Feb,False
511,8161,Software,Component_D,Medium,63.730555099947054,Automated_System,Medium,0,Apr,True
512,2884,Hardware,Component_A,High,11.349618276143248,Automated_System,High,4,Jun,True
513,2809,Hardware,Component_D,High,43.24327295820825,Customer,High,3,Apr,True
514,4167,Software,Component_A,Medium,48.02885315112551,Automated_System,Medium,1,Sep,True
515,7352,Server,Component_C,High,30.482429649979117,Customer,Urgent,8,Apr,False
516,7056,Software,Component_B,High,50.6284774965453,Customer,High,2,Jun,True
517,3437,Software,Component_D,Medium,29.86730535960736,Customer,Medium,7,Jun,False
518,7468,Hardware,Component_A,Medium,36.581566090386595,Customer,High,5,Oct,True
519,6951,Software,Component_C,Medium,1.025742685641529,Customer,Low,4,Nov,False
520,6276,Server,Component_A,High,49.95798816063025,Customer,Urgent,0,Oct,True
521,9859,Software,Component_A,High,47.786001544547794,Customer,Urgent,3,Jan,True
522,8818,Server,Component_A,Low,3.2456627288336364,Customer,Low,2,Aug,False
523,5728,Server,Component_C,Low,26.829882678752014,Automated_System,Low,0,Dec,True
524,3624,Hardware,Component_B,Medium,70.50077661660421,Automated_System,High,4,Mar,True
525,6738,Network,Component_B,Low,30.582664223656103,Customer,Low,5,Jun,True
526,5232,Network,Component_B,High,36.38909646692668,Customer,Urgent,1,Mar,True
527,6793,Hardware,Component_A,Low,65.56000630841987,Customer,Low,2,Nov,True
528,5523,Software,Component_C,High,51.78422412440158,Automated_System,Medium,5,Feb,False
529,6571,Hardware,Component_A,Medium,42.11801437538198,Automated_System,Medium,3,May,True
530,3224,Server,Component_B,Medium,57.543034715886684,Customer,High,8,Jan,False
531,9389,Network,Component_B,High,62.30218805160209,Customer,Urgent,4,Sep,True
532,7091,Hardware,Component_C,Low,33.16749712921458,Automated_System,Medium,3,Nov,True
533,9662,Software,Component_A,Medium,34.47024809262623,Automated_System,Low,1,Jul,False
534,7361,Hardware,Component_D,Medium,28.10264189910626,Customer,Medium,5,Mar,False
535,2948,Network,Component_D,Low,69.61948901131993,Customer,Medium,9,Apr,False
536,8094,Hardware,Component_B,Low,50.347387181760055,Customer,High,1,Jun,False
537,7318,Hardware,Component_C,High,6.450449233877169,Customer,Low,6,Mar,False
538,4796,Network,Component_A,Low,62.20161306688082,Automated_System,Low,2,Dec,True
539,1234,Server,Component_A,Low,34.860035769793164,Automated_System,Low,8,Jul,False
540,4607,Server,Component_B,Low,5.415904309207853,Customer,High,4,Jun,False
541,9043,Network,Component_B,High,39.80478374417674,Customer,Low,7,Sep,True
542,1522,Hardware,Component_A,High,30.327245946762698,Customer,Low,5,Dec,True
543,6904,Network,Component_A,Medium,63.25908244767768,Automated_System,Medium,9,May,False
544,5888,Server,Component_B,High,15.085614158071197,Customer,Medium,7,Apr,False
545,6832,Software,Component_A,Medium,59.59221957869108,Customer,Low,2,Mar,False
546,8122,Hardware,Component_D,Low,40.37474141975987,Customer,Urgent,2,Oct,True
547,6842,Server,Component_B,Medium,4.404636679763037,Automated_System,Urgent,4,Jan,False
548,2316,Hardware,Component_A,Medium,69.98693904477216,Customer,Low,9,Mar,True
549,2124,Network,Component_B,Low,37.151989953378795,Automated_System,Urgent,2,Mar,True
550,6621,Software,Component_C,Medium,21.29769507755815,Customer,High,7,Jul,True
551,6423,Network,Component_B,High,34.062589202231955,Customer,Medium,9,Jul,True
552,3587,Software,Component_B,High,61.836831521500464,Customer,High,7,Dec,False
553,6672,Hardware,Component_C,High,22.30057339353204,Automated_System,Medium,1,Jan,True
554,2378,Hardware,Component_D,High,14.276362348799072,Customer,Urgent,3,Mar,True
555,4374,Network,Component_A,Medium,9.728594155558024,Customer,Urgent,9,Aug,False
556,2519,Software,Component_C,Medium,21.796946984900103,Automated_System,Low,0,Sep,True
557,6777,Software,Component_B,Low,56.27343822336311,Automated_System,Urgent,3,Jul,False
558,8935,Hardware,Component_A,Medium,34.22128511146121,Automated_System,Urgent,3,Jul,True
559,7093,Network,Component_C,Medium,16.76493466408811,Customer,Low,9,Dec,False
560,9418,Software,Component_A,Medium,12.382227472097068,Automated_System,Low,8,Nov,True
561,6355,Hardware,Component_A,Low,24.290157570492106,Customer,Medium,2,Aug,True
562,5968,Server,Component_C,High,67.70459266132818,Automated_System,Urgent,1,Jun,False
563,6574,Network,Component_A,Medium,25.026409950186743,Automated_System,Medium,8,Nov,True
564,5072,Server,Component_D,Low,71.15087143075642,Automated_System,Medium,8,Mar,True
565,3257,Network,Component_C,Low,35.19397758722297,Customer,High,0,Jan,False
566,9588,Hardware,Component_D,Low,13.310220157745787,Customer,Urgent,5,Jul,True
567,5424,Software,Component_B,High,64.21651656323593,Customer,Urgent,9,Jan,True
568,4237,Software,Component_A,Medium,33.41540917914012,Customer,High,7,Jan,False
569,4893,Software,Component_B,Low,51.2415010605735,Customer,Medium,2,Sep,False
570,3005,Network,Component_B,High,70.83537819945435,Customer,Urgent,8,Oct,False
571,3016,Hardware,Component_A,Low,4.08753754787814,Customer,Medium,1,Jul,False
572,2772,Server,Component_C,Low,7.41366102481105,Customer,High,5,Nov,False
573,9353,Hardware,Component_A,Low,52.01265701458707,Customer,Low,0,Apr,True
574,4976,Server,Component_B,Low,20.650487735626246,Automated_System,Medium,6,Jun,False
575,2751,Network,Component_B,Low,13.677549881932084,Automated_System,Urgent,2,Jan,True
576,9967,Network,Component_C,High,3.314374407110659,Customer,Low,6,Jul,False
577,8430,Server,Component_A,Medium,2.062039907013429,Customer,Medium,3,Dec,True
578,8170,Server,Component_B,Medium,55.87572062306505,Customer,Medium,8,Jun,True
579,7469,Server,Component_D,Medium,10.111990056922824,Customer,Low,4,Apr,False
580,4220,Hardware,Component_B,Medium,33.94202404193729,Automated_System,Low,2,Jul,True
581,1539,Server,Component_B,High,43.821622285333035,Automated_System,Low,7,Mar,True
582,2461,Network,Component_C,High,31.127153740672508,Customer,Urgent,5,Jan,False
583,6184,Network,Component_D,High,2.438125642040667,Automated_System,Urgent,1,Apr,False
584,9547,Software,Component_B,Low,56.520357435035486,Automated_System,Medium,2,Mar,False
585,1234,Server,Component_B,Low,1.2516955547282245,Customer,Medium,7,Jan,False
586,2548,Hardware,Component_D,Low,54.975127447990104,Customer,High,9,Feb,True
587,8480,Hardware,Component_A,Medium,64.37127130585077,Customer,Urgent,6,Nov,True
588,5213,Hardware,Component_A,Low,31.448054355587818,Customer,Medium,9,May,True
589,2673,Software,Component_B,Medium,38.79128682649257,Automated_System,Low,5,Aug,True
590,7708,Network,Component_B,Low,34.60431257216224,Customer,Low,0,Jan,True
591,8982,Hardware,Component_A,Medium,28.328416231575876,Automated_System,Urgent,8,Apr,True
592,3100,Network,Component_C,Low,63.950854278980756,Customer,Low,2,Apr,False
593,4748,Software,Component_D,Low,64.41624601290431,Automated_System,High,4,May,True
594,4173,Server,Component_D,High,24.510870071869718,Customer,Medium,6,Jul,True
595,2815,Server,Component_C,Low,44.477487412050905,Customer,Medium,6,Dec,True
596,4841,Server,Component_C,Low,66.77389069342928,Automated_System,Medium,2,Aug,False
597,9016,Hardware,Component_C,High,69.28718267430664,Automated_System,Urgent,3,Jun,False
598,8011,Server,Component_C,Medium,36.8905713901764,Automated_System,Low,9,Jan,False
599,5493,Hardware,Component_C,High,32.87697357782937,Customer,High,6,Jul,False
600,1674,Software,Component_C,High,20.426643588889593,Automated_System,Urgent,7,Mar,True
601,9088,Software,Component_D,Medium,69.05933893311432,Automated_System,Medium,1,Jun,True
602,9578,Hardware,Component_C,Low,10.711222769810016,Automated_System,High,8,Aug,True
603,3158,Network,Component_A,Medium,41.95781468741234,Automated_System,Medium,6,Jul,False
604,3661,Server,Component_C,Low,20.70234412758268,Automated_System,Medium,7,Oct,True
605,3064,Server,Component_C,Low,20.449092759867458,Automated_System,Urgent,5,Jun,True
606,4253,Server,Component_D,Medium,29.455253997397474,Automated_System,Medium,5,Sep,True
607,5979,Hardware,Component_D,High,71.9136949108193,Automated_System,High,8,Sep,False
608,8703,Software,Component_C,Medium,4.430090939047277,Automated_System,Medium,3,Jan,False
609,9931,Server,Component_D,Low,41.865740001552496,Customer,Low,4,Jan,False
610,2401,Software,Component_B,Medium,6.403909299522319,Customer,Medium,8,Jan,True
611,4259,Server,Component_D,Medium,11.548239344322106,Automated_System,Urgent,0,Aug,True
612,4923,Server,Component_D,Low,31.928750336762256,Customer,High,3,Dec,True
613,5214,Hardware,Component_D,High,36.99789939127055,Customer,Urgent,6,Dec,True
614,4227,Network,Component_D,Medium,19.003657198063465,Automated_System,Low,8,Oct,False
615,3745,Hardware,Component_A,Low,23.126684857520758,Automated_System,Medium,9,Jul,True
616,7091,Server,Component_A,Low,6.7181419482992135,Automated_System,Urgent,5,Mar,False
617,4866,Server,Component_A,Medium,22.18021454486391,Automated_System,Urgent,7,Feb,True
618,6818,Network,Component_C,High,69.6089284157089,Automated_System,Urgent,8,Apr,False
619,3222,Software,Component_C,Medium,68.04657778958244,Automated_System,Urgent,9,Mar,True
620,3792,Software,Component_B,High,24.443797744794427,Customer,Low,3,Jul,True
621,5063,Server,Component_A,High,41.31605644393145,Automated_System,Low,0,Oct,False
622,2524,Software,Component_C,High,65.53607046443253,Customer,Medium,7,Aug,False
623,9224,Server,Component_D,High,0.9421433188241122,Automated_System,Medium,1,Jun,True
624,7198,Network,Component_D,Medium,58.46387527913782,Automated_System,High,0,Mar,True
625,5025,Network,Component_A,Low,68.3084230244077,Customer,Low,6,Jun,True
626,3566,Server,Component_B,Low,7.02979000484933,Automated_System,Urgent,9,Feb,False
627,3803,Network,Component_B,Low,12.043509551353853,Automated_System,Urgent,8,Dec,True
628,4709,Hardware,Component_D,Low,69.19336064815191,Customer,High,8,Jul,False
629,7155,Hardware,Component_B,Low,38.93412027028476,Automated_System,Urgent,2,Nov,True
630,1719,Network,Component_A,Low,1.5150593647282447,Customer,High,5,Oct,True
631,7516,Server,Component_D,Medium,18.920687911592335,Automated_System,Medium,6,Jul,True
632,5579,Server,Component_C,High,32.67097271022346,Automated_System,Low,9,Apr,True
633,1972,Network,Component_C,Low,50.04298713827089,Customer,High,8,Aug,False
634,4718,Software,Component_B,Medium,52.92096703678117,Automated_System,Urgent,1,Apr,False
635,8395,Hardware,Component_D,Low,71.67263817417012,Customer,High,7,Jul,True
636,5402,Software,Component_D,Low,21.05705075593877,Customer,Medium,6,Apr,True
637,5552,Server,Component_C,High,38.98273728359598,Customer,Urgent,3,Dec,True
638,3207,Server,Component_D,High,38.632633671961756,Automated_System,Medium,1,May,False
639,5426,Software,Component_D,High,29.503636050477482,Automated_System,Medium,7,Jul,True
640,7919,Network,Component_D,Low,12.595075409733044,Customer,High,4,Oct,False
641,9835,Software,Component_B,Low,70.38814426764475,Automated_System,Medium,5,Mar,False
642,9386,Software,Component_D,Low,61.5121788466609,Automated_System,Urgent,6,Oct,False
643,9680,Hardware,Component_A,High,36.13081152303796,Automated_System,Medium,9,May,False
644,3204,Hardware,Component_B,Medium,43.63204772190813,Customer,Medium,0,Nov,True
645,6345,Software,Component_D,Low,16.749165329515854,Automated_System,High,7,Mar,True
646,4276,Software,Component_D,Low,39.3807755330099,Customer,Medium,3,May,False
647,2102,Server,Component_A,Low,50.19036451818552,Automated_System,Low,8,Mar,True
648,6243,Hardware,Component_B,Medium,37.3344425296411,Automated_System,High,0,Nov,True
649,7614,Hardware,Component_C,Low,71.3053896968233,Customer,High,1,Oct,True
650,9707,Server,Component_C,Medium,44.210928421712424,Automated_System,Urgent,5,Nov,False
651,6223,Network,Component_B,Low,27.024620450340088,Customer,Urgent,9,Jul,True
652,9584,Hardware,Component_D,Medium,55.708869974532426,Automated_System,Urgent,0,Jan,True
653,1630,Hardware,Component_D,Low,12.688069578087406,Customer,Urgent,3,Sep,True
654,7683,Network,Component_C,High,27.992880679998056,Automated_System,Low,7,Sep,True
655,1277,Hardware,Component_C,High,25.30756495199739,Automated_System,High,9,May,True
656,1232,Hardware,Component_C,High,31.374207300206074,Automated_System,Medium,4,Sep,True
657,6690,Network,Component_A,High,56.397257553903934,Customer,Urgent,8,Oct,True
658,8659,Network,Component_C,Low,35.118371799683636,Customer,Urgent,5,Jun,True
659,1025,Software,Component_A,High,57.27203319401634,Customer,Urgent,0,May,True
660,8468,Server,Component_B,Medium,41.71895657450041,Automated_System,Medium,5,Mar,True
661,7410,Server,Component_D,High,24.957964578015208,Customer,Urgent,5,Nov,False
662,9652,Network,Component_C,High,58.41348017336828,Customer,Medium,5,Nov,True
663,4764,Network,Component_D,High,17.537711444546048,Customer,High,7,Aug,False
664,7599,Hardware,Component_D,Low,16.54338305568538,Customer,High,5,Apr,True
665,6102,Software,Component_C,High,36.57195906992076,Customer,High,4,Oct,False
666,8006,Software,Component_C,Medium,19.15072108628936,Customer,Low,1,Mar,False
667,4483,Network,Component_B,High,1.149722999011967,Customer,Medium,3,Jun,True
668,2994,Hardware,Component_A,High,46.85327320186431,Customer,Urgent,9,Aug,False
669,9682,Hardware,Component_A,High,37.04320823527646,Customer,Urgent,4,Sep,False
670,2072,Server,Component_D,Medium,32.35452373626103,Customer,Urgent,9,Jun,False
671,7707,Server,Component_C,High,69.63824879520955,Automated_System,Urgent,3,May,True
672,1215,Hardware,Component_B,Medium,41.34074165334833,Automated_System,Low,1,Dec,False
673,8605,Server,Component_B,Medium,62.23535781194099,Customer,Urgent,6,Nov,False
674,3606,Network,Component_B,High,10.470691888668952,Automated_System,Low,9,Feb,True
675,9350,Hardware,Component_B,Medium,41.198262113754076,Automated_System,Medium,9,Feb,False
676,5781,Server,Component_B,Low,62.56054331125956,Customer,High,1,Sep,False
677,4313,Software,Component_A,High,42.19206164551271,Customer,Urgent,0,Feb,False
678,8763,Hardware,Component_A,High,51.83801373608061,Customer,High,4,Feb,True
679,6939,Hardware,Component_A,Medium,27.101115098572826,Automated_System,Medium,0,Mar,False
680,3295,Software,Component_C,Medium,7.110140468150263,Customer,Medium,0,Mar,True
681,6685,Network,Component_D,High,33.23987110158561,Automated_System,Urgent,0,Apr,False
682,2696,Software,Component_B,Low,28.705276444978313,Customer,Medium,5,Jul,False
683,2946,Hardware,Component_C,Medium,62.49480304009474,Automated_System,High,8,Sep,False
684,3783,Network,Component_B,Medium,17.945664118201766,Automated_System,Urgent,9,Feb,False
685,4644,Server,Component_A,Low,69.62149726876022,Customer,Low,0,Apr,True
686,6241,Server,Component_C,Low,69.00687556602148,Customer,Urgent,4,Sep,False
687,7420,Server,Component_A,High,18.205662479607867,Automated_System,High,8,Feb,True
688,8557,Hardware,Component_B,Low,25.385714816628415,Automated_System,Urgent,8,Oct,False
689,3645,Software,Component_B,High,64.53223547248278,Customer,Urgent,0,Nov,True
690,7589,Network,Component_D,Low,69.61348879407169,Customer,High,7,Jan,False
691,7353,Server,Component_B,Medium,32.20589585277715,Automated_System,Urgent,0,Oct,False
692,2932,Network,Component_A,High,23.451288763324193,Customer,Urgent,7,Aug,True
693,2757,Hardware,Component_B,High,38.115721947485255,Automated_System,High,0,Sep,True
694,6085,Server,Component_D,High,49.67549825515004,Customer,Medium,4,Jul,True
695,6637,Hardware,Component_D,Low,20.053427849311056,Customer,High,7,Aug,True
696,2116,Software,Component_A,Medium,53.157831985263705,Customer,Urgent,5,Apr,False
697,1492,Hardware,Component_C,High,4.193501033696834,Automated_System,Low,8,Apr,True
698,9811,Hardware,Component_B,High,4.024556232655776,Customer,Low,0,Feb,True
699,8888,Software,Component_D,High,28.119570917906483,Automated_System,High,8,Aug,True
700,7474,Network,Component_B,High,25.77333323234152,Customer,Low,0,Nov,False
701,5958,Software,Component_B,Medium,23.067774898751388,Automated_System,Urgent,9,Feb,False
702,3743,Software,Component_C,Low,35.60791303082706,Automated_System,Urgent,9,Sep,False
703,8866,Hardware,Component_D,Medium,23.432451135277343,Customer,High,2,Apr,False
704,8160,Network,Component_B,High,14.246441170468573,Automated_System,Urgent,0,Jan,True
705,6451,Server,Component_D,Medium,22.627072759834967,Automated_System,Medium,2,Apr,False
706,6258,Software,Component_A,High,70.2056555059318,Automated_System,Urgent,1,Mar,True
707,9548,Network,Component_A,Low,29.894609315131675,Automated_System,High,1,Dec,False
708,8186,Software,Component_B,Low,32.29696354537101,Customer,Medium,8,Jun,True
709,7102,Software,Component_D,Low,41.72296678150651,Customer,Medium,7,Jul,True
710,1619,Software,Component_B,High,70.8088649416172,Customer,Low,0,Aug,True
711,1882,Software,Component_D,Medium,17.774491265157057,Automated_System,Urgent,3,Feb,True
712,9988,Hardware,Component_D,Low,49.21167090306902,Automated_System,High,0,Jun,True
713,4642,Network,Component_C,High,51.69290558823327,Customer,Low,0,Jun,False
714,2296,Network,Component_C,High,43.923695800704216,Customer,Low,3,Oct,True
715,9436,Network,Component_C,Medium,6.833351284020051,Automated_System,Urgent,1,Dec,True
716,3895,Software,Component_B,Low,48.896367721671716,Customer,Urgent,2,May,True
717,7593,Hardware,Component_C,High,5.082771839086547,Customer,High,8,Oct,True
718,1929,Software,Component_C,Medium,43.12419944281763,Automated_System,Low,1,Oct,False
719,6366,Software,Component_A,Low,53.3800541713546,Customer,High,3,Jul,False
720,9711,Network,Component_D,Medium,15.584347179326455,Automated_System,Low,0,Mar,True
721,4212,Software,Component_D,Medium,60.675973539308345,Customer,Low,1,Apr,True
722,3409,Server,Component_C,High,2.6702970956098047,Automated_System,Low,4,Oct,True
723,9199,Software,Component_D,High,60.832619751568885,Automated_System,Urgent,9,Sep,True
724,4423,Server,Component_A,High,33.4135271209577,Automated_System,Low,0,Apr,False
725,7976,Software,Component_A,Medium,16.05753770511258,Automated_System,Low,6,Mar,False
726,8594,Hardware,Component_C,High,10.065137367068713,Automated_System,Low,3,Feb,True
727,6158,Hardware,Component_A,Medium,68.66146248213964,Customer,Medium,5,May,True
728,4667,Network,Component_D,Medium,5.695589512052705,Customer,Urgent,7,Apr,True
729,6973,Software,Component_B,High,14.735179525418685,Customer,Medium,5,Aug,True
730,7236,Server,Component_D,Low,25.369297841462785,Automated_System,Urgent,1,Jul,True
731,9277,Server,Component_B,Low,44.84679170072011,Customer,High,0,Jun,False
732,3468,Software,Component_C,Low,39.45327759724103,Automated_System,Medium,7,Nov,False
733,7217,Server,Component_B,Medium,9.483509707480449,Automated_System,High,7,Dec,True
734,4619,Hardware,Component_A,Medium,21.215550837282347,Customer,Low,8,Feb,False
735,2636,Server,Component_D,Medium,17.570751632650722,Automated_System,High,5,Mar,False
736,9155,Network,Component_B,High,15.76831409605941,Customer,High,0,Oct,False
737,4583,Hardware,Component_D,Medium,29.896820058319076,Automated_System,High,8,Sep,True
738,5009,Hardware,Component_C,High,50.838248860303466,Automated_System,High,2,Sep,False
739,4326,Hardware,Component_C,High,16.04788465353237,Customer,Urgent,5,May,False
740,9148,Software,Component_A,Low,26.71753989876317,Automated_System,Medium,9,Mar,True
741,3217,Software,Component_C,Low,28.450596019143102,Customer,Urgent,9,Feb,False
742,5967,Hardware,Component_B,Low,70.31664185463183,Automated_System,Urgent,8,Aug,True
743,3369,Software,Component_C,High,68.75864451685342,Customer,Urgent,2,Jun,False
744,4638,Server,Component_A,High,57.709837166773426,Automated_System,High,4,Oct,True
745,6722,Software,Component_D,High,17.77861283857174,Customer,Urgent,4,Nov,True
746,5444,Software,Component_D,Medium,5.364667957554382,Customer,Medium,9,Dec,False
747,8618,Hardware,Component_C,High,23.15864584702467,Automated_System,Urgent,6,Jul,False
748,4947,Network,Component_B,Low,19.575810284518905,Customer,Low,3,Jan,True
749,2676,Network,Component_A,Low,36.67369471046716,Automated_System,High,3,Jan,True
750,2196,Network,Component_B,High,56.107545569847204,Automated_System,Low,6,Oct,False
751,3787,Server,Component_A,High,61.870090129838346,Customer,Medium,8,Feb,False
752,8432,Software,Component_C,Low,60.90778210685136,Customer,Medium,3,Oct,False
753,8927,Network,Component_A,High,26.216802627449344,Customer,Medium,3,Mar,False
754,4318,Hardware,Component_A,Low,49.63725555743883,Customer,Medium,5,Dec,True
755,9858,Network,Component_C,Medium,22.86764512298173,Customer,Urgent,5,Jan,True
756,7689,Network,Component_B,Low,4.854746341315564,Automated_System,High,6,May,True
757,3176,Software,Component_C,Medium,50.66191649061037,Customer,Medium,0,Mar,False
758,4743,Software,Component_A,High,1.202670008739831,Automated_System,Low,2,Jan,False
759,9792,Software,Component_C,High,29.75655500328193,Customer,Medium,8,Aug,True
760,5422,Server,Component_A,Medium,24.050617755098415,Customer,High,5,Dec,True
761,4824,Server,Component_C,High,50.076494004097945,Customer,Low,5,Nov,True
762,3451,Network,Component_D,Medium,55.286551302367094,Automated_System,Low,4,Jun,True
763,1628,Software,Component_D,High,22.242766471946794,Customer,Low,2,Sep,True
764,8778,Network,Component_C,Low,58.53133153280703,Automated_System,Urgent,4,Mar,True
765,4696,Hardware,Component_B,High,21.515048376102765,Automated_System,Medium,0,Sep,False
766,4674,Hardware,Component_A,Low,32.412334739039125,Automated_System,Urgent,2,Sep,True
767,4929,Software,Component_D,Low,52.481824681510574,Customer,Low,3,Dec,True
768,3765,Software,Component_B,Medium,50.043796389572385,Automated_System,Urgent,4,Dec,True
769,5369,Hardware,Component_A,High,71.0968457703223,Customer,Urgent,9,Jan,True
770,9307,Software,Component_D,Medium,16.59901323143913,Automated_System,Urgent,8,Mar,True
771,5956,Server,Component_D,High,47.85573081808014,Customer,Medium,3,Jun,True
772,1692,Server,Component_C,Low,44.092256441718085,Automated_System,Low,2,Aug,True
773,4162,Software,Component_A,Low,65.92953949603714,Customer,Low,9,Apr,False
774,2105,Hardware,Component_B,High,11.679893127608565,Customer,Medium,0,May,True
775,4008,Network,Component_B,High,54.253568696465706,Customer,Urgent,9,Sep,False
776,3161,Software,Component_B,Medium,41.131206063216936,Automated_System,Urgent,5,Jun,False
777,9345,Software,Component_A,High,20.13860968983524,Automated_System,High,6,Dec,False
778,4699,Network,Component_B,High,34.42209636152295,Customer,High,9,Jul,True
779,4786,Software,Component_B,High,24.36502669049054,Automated_System,High,7,Jul,True
780,5200,Network,Component_B,Medium,41.92090829937495,Automated_System,Medium,0,Apr,True
781,2913,Hardware,Component_C,High,64.0635436732486,Automated_System,Low,3,Apr,True
782,6520,Server,Component_C,Low,41.20530638547245,Automated_System,High,4,Apr,True
783,2772,Hardware,Component_A,Medium,45.668152910350756,Automated_System,Low,1,Nov,True
784,3780,Server,Component_A,Medium,37.590471068701724,Automated_System,Low,0,May,True
785,8423,Network,Component_B,Low,4.158333710851528,Automated_System,Low,7,May,True
786,3871,Server,Component_C,Low,17.14938681664074,Customer,Medium,5,Aug,True
787,1660,Hardware,Component_D,Low,35.678123654393914,Customer,Medium,4,Sep,True
788,7242,Server,Component_D,High,22.68182278774639,Automated_System,Medium,8,Feb,False
789,2132,Network,Component_B,Low,13.496097239925387,Customer,Medium,1,Nov,True
790,1699,Server,Component_B,High,36.54549819716834,Customer,High,9,Jul,True
791,8470,Software,Component_C,Medium,23.580900231521298,Customer,Urgent,7,Jan,True
792,7297,Hardware,Component_C,Medium,18.954696486899152,Automated_System,Urgent,9,Jan,False
793,8812,Software,Component_C,Low,33.67495734698723,Automated_System,Urgent,8,Apr,True
794,5557,Network,Component_A,High,10.02982445287538,Automated_System,High,0,Oct,True
795,3179,Server,Component_A,Low,66.83381991489162,Automated_System,Urgent,6,Jul,False
796,9275,Software,Component_B,Low,62.54070000122559,Automated_System,High,7,Feb,True
797,2422,Software,Component_A,High,51.094871880448274,Customer,High,2,Nov,False
798,4180,Server,Component_C,Low,8.094288672574619,Automated_System,High,3,Feb,False
799,5316,Server,Component_C,Medium,55.97522369458305,Customer,Urgent,2,Jan,False
800,7696,Hardware,Component_A,Low,58.268948959794855,Automated_System,Low,6,Oct,False
801,1614,Software,Component_D,High,55.39517016657514,Customer,Urgent,8,Feb,True
802,5570,Software,Component_B,High,8.648560929025743,Automated_System,Urgent,2,Jul,False
803,1270,Network,Component_D,Medium,46.53941893034518,Automated_System,Medium,5,Sep,False
804,3468,Hardware,Component_B,High,60.154222896082,Automated_System,High,7,Jun,True
805,4607,Network,Component_D,High,41.78076818720624,Automated_System,Low,5,Oct,True
806,4075,Software,Component_A,Medium,46.718127328808364,Automated_System,Medium,1,Feb,True
807,1289,Network,Component_B,Low,33.27298877898089,Automated_System,Low,6,Dec,False
808,9120,Software,Component_B,Medium,38.30257337170976,Customer,Low,1,Oct,True
809,7614,Software,Component_B,Low,2.9579453721483526,Automated_System,High,1,Oct,False
810,4252,Network,Component_C,Medium,46.185856071089844,Customer,Urgent,1,Sep,False
811,8415,Network,Component_C,Low,6.323475721717882,Automated_System,High,0,Jul,True
812,7771,Server,Component_D,Medium,31.603543495325972,Customer,High,0,Nov,True
813,1278,Server,Component_A,Low,21.42483948321966,Customer,Medium,6,Jan,True
814,1580,Server,Component_C,Medium,39.49809844013748,Customer,High,4,Dec,True
815,5958,Software,Component_B,Low,10.039267989909307,Customer,Urgent,2,Sep,True
816,9445,Network,Component_C,Medium,49.95250324109225,Customer,Low,0,Feb,True
817,5276,Hardware,Component_A,High,57.34332489038563,Customer,High,9,Apr,False
818,8997,Software,Component_C,Low,12.17984315663569,Automated_System,Low,5,Sep,False
819,5776,Hardware,Component_B,Medium,7.958385745659575,Customer,High,0,Apr,True
820,1824,Network,Component_D,Low,10.90435701929618,Automated_System,Low,8,Mar,False
821,4832,Software,Component_B,Low,63.21462067574287,Automated_System,High,1,Jan,False
822,9891,Hardware,Component_A,Medium,38.26553221557947,Customer,Medium,0,Jul,False
823,6445,Hardware,Component_D,Low,33.90916121453643,Customer,Low,6,Jun,False
824,2380,Server,Component_C,Medium,8.129895065818332,Automated_System,High,5,Oct,False
825,7534,Server,Component_C,High,46.943254483122764,Customer,High,5,Apr,False
826,4156,Server,Component_C,Low,62.56197082049893,Customer,Medium,4,Jun,True
827,5307,Software,Component_D,High,59.71528965662689,Customer,Medium,3,Jun,True
828,6634,Network,Component_B,Low,45.26291169212729,Customer,Medium,3,Apr,True
829,9575,Network,Component_D,Low,5.882428240594664,Customer,Low,2,Jun,False
830,6810,Server,Component_D,Low,8.536387443084926,Customer,Low,9,Oct,True
831,9533,Server,Component_A,Medium,4.025592578352464,Customer,Medium,7,Nov,True
832,6934,Server,Component_D,High,18.909763979211554,Automated_System,Urgent,6,Aug,True
833,4109,Hardware,Component_C,Low,10.199794901967008,Customer,Urgent,8,Mar,False
834,5082,Server,Component_B,Medium,19.093434878049024,Automated_System,High,0,Apr,True
835,4240,Hardware,Component_B,Low,28.03165098390576,Automated_System,Urgent,6,Oct,False
836,7028,Network,Component_B,Medium,67.9232690610862,Automated_System,High,9,Dec,True
837,2849,Software,Component_C,Low,44.141888274390986,Automated_System,Low,3,Jan,True
838,9497,Software,Component_C,High,60.2006256763318,Customer,Low,6,Apr,True
839,3749,Software,Component_C,High,51.29013230093175,Automated_System,Urgent,0,Nov,False
840,7680,Software,Component_C,Low,8.543973832654169,Automated_System,Low,4,Oct,False
841,1205,Hardware,Component_C,Medium,53.11830905573734,Automated_System,Medium,2,Oct,False
842,8352,Hardware,Component_D,Low,20.169570031477395,Automated_System,Medium,4,Dec,False
843,5591,Server,Component_C,Medium,46.196211060121506,Automated_System,Urgent,3,Sep,False
844,4450,Hardware,Component_C,Low,24.87878111547368,Customer,Urgent,1,Aug,True
845,8214,Server,Component_C,Medium,71.83356682342313,Customer,High,3,Nov,True
846,4811,Server,Component_C,High,19.343930784019616,Automated_System,Low,2,Apr,False
847,6141,Software,Component_B,Low,20.45782866036028,Customer,High,0,Dec,False
848,9501,Hardware,Component_C,High,67.04306627271148,Customer,High,9,Jul,True
849,3708,Hardware,Component_D,High,2.2620749314970707,Automated_System,Medium,7,Oct,False
850,2991,Server,Component_D,Low,50.31326263293358,Automated_System,Medium,4,Mar,True
851,9463,Server,Component_D,Low,52.36083693761529,Automated_System,Medium,3,Sep,False
852,4273,Network,Component_A,Medium,60.30106828484355,Customer,Medium,9,Oct,True
853,5538,Network,Component_B,Medium,70.17241071065098,Automated_System,High,4,Apr,False
854,9712,Server,Component_C,High,70.25553721970064,Customer,Medium,3,Feb,False
855,4722,Network,Component_A,Medium,5.167288166002169,Customer,Low,2,Oct,True
856,4551,Network,Component_C,Medium,59.261511576832525,Customer,Medium,4,May,True
857,3832,Server,Component_A,Low,46.711160256502765,Automated_System,Medium,3,Feb,False
858,6679,Server,Component_A,Medium,46.78496260767602,Customer,Medium,0,Oct,False
859,7579,Hardware,Component_D,High,9.677019752950677,Automated_System,Urgent,2,Jun,True
860,1152,Server,Component_D,Medium,46.98838240086421,Automated_System,Low,9,Nov,False
861,6754,Server,Component_A,High,70.74750451298922,Automated_System,Low,9,Oct,True
862,3800,Software,Component_D,Low,65.69502772207046,Automated_System,High,7,Jan,True
863,6310,Hardware,Component_A,High,31.897842247546812,Automated_System,High,6,Jun,False
864,3610,Hardware,Component_B,Medium,3.3562800899557454,Customer,Medium,1,Apr,True
865,2104,Hardware,Component_D,Low,26.403984535014647,Customer,Urgent,0,Mar,True
866,8361,Software,Component_D,Medium,59.5869072794397,Customer,High,2,Feb,False
867,5199,Server,Component_D,Low,50.65718575475937,Customer,High,4,Jul,True
868,4854,Hardware,Component_B,Low,33.343071374967884,Customer,Medium,9,Sep,True
869,8263,Hardware,Component_A,Medium,4.439759763856423,Automated_System,Medium,0,Dec,True
870,2914,Network,Component_C,Medium,31.02297303936614,Automated_System,High,2,Mar,True
871,8365,Hardware,Component_D,Low,34.03528318982867,Customer,High,2,Jun,False
872,4072,Server,Component_A,Low,66.89172060193071,Customer,Low,4,Sep,True
873,1406,Server,Component_B,Medium,46.3376564061244,Customer,Urgent,2,Feb,False
874,1166,Network,Component_C,High,22.783183540807396,Automated_System,Low,8,Jul,True
875,1508,Hardware,Component_D,Medium,38.06025590822658,Automated_System,High,0,May,False
876,2661,Hardware,Component_B,Low,5.222954509284445,Automated_System,Low,3,May,True
877,4664,Hardware,Component_B,Medium,70.03862884895618,Customer,Low,9,Nov,False
878,4489,Software,Component_C,High,26.24428298804691,Customer,High,9,Jul,True
879,1680,Hardware,Component_A,Medium,34.66751587628921,Customer,Medium,3,Sep,True
880,3524,Server,Component_D,Low,25.902804157939965,Customer,High,0,Apr,True
881,3120,Server,Component_D,Medium,49.29958870330831,Automated_System,Medium,1,Sep,True
882,6260,Software,Component_A,Low,47.8495993205659,Customer,High,0,Nov,False
883,5357,Software,Component_A,Low,51.6455452028332,Customer,High,5,Oct,False
884,2363,Hardware,Component_A,Medium,19.67224091725234,Customer,High,2,Sep,True
885,3292,Network,Component_C,Low,23.070296403230717,Automated_System,Urgent,6,Apr,False
886,2538,Software,Component_C,Low,9.455463023378869,Automated_System,Medium,4,Mar,True
887,4408,Software,Component_D,High,47.36896298699705,Customer,Urgent,8,Feb,True
888,8742,Hardware,Component_C,High,3.3454946044991574,Automated_System,High,6,Sep,False
889,9752,Hardware,Component_B,High,43.23428698992732,Automated_System,Low,3,Dec,False
890,2903,Software,Component_D,High,62.68325576689182,Automated_System,Urgent,4,Feb,False
891,1174,Network,Component_C,Low,64.19449860270879,Automated_System,Medium,4,Jun,True
892,3230,Software,Component_A,Medium,32.60619986645226,Automated_System,High,4,May,True
893,5287,Hardware,Component_B,Low,33.340213707234774,Customer,Urgent,9,May,False
894,5160,Hardware,Component_A,Low,6.003296585073241,Customer,Low,8,Apr,True
895,8106,Software,Component_D,Low,48.459699319177055,Customer,Urgent,9,Jun,False
896,4171,Network,Component_A,Medium,59.220048556658455,Automated_System,Medium,2,May,False
897,2567,Software,Component_C,High,17.992836404236982,Automated_System,Urgent,5,Nov,False
898,2151,Software,Component_C,Low,30.623013036785572,Automated_System,Low,7,Apr,False
899,8619,Hardware,Component_D,Low,60.47701257871683,Automated_System,Low,8,Sep,False
900,7033,Network,Component_A,High,63.21411343785359,Customer,Medium,6,Jun,False
901,9560,Server,Component_D,Low,17.887368588892155,Customer,Low,2,Nov,True
902,5946,Network,Component_A,Medium,39.86580036970754,Customer,High,0,Oct,True
903,9234,Software,Component_B,Low,14.263260270461634,Customer,Low,3,Oct,False
904,2907,Software,Component_C,Low,7.784331635978293,Customer,High,5,Oct,False
905,4490,Software,Component_D,High,65.64511584952497,Customer,Urgent,2,Mar,False
906,3535,Network,Component_B,Low,59.16628655259581,Automated_System,High,0,Oct,True
907,5173,Hardware,Component_B,Low,54.842495478926935,Automated_System,High,5,Jun,False
908,2293,Software,Component_D,Medium,3.98679179513954,Customer,Urgent,0,Jan,False
909,5769,Software,Component_D,High,60.82660867878341,Automated_System,Low,8,May,False
910,5796,Network,Component_B,High,31.820151427234936,Customer,High,0,Oct,True
911,7871,Server,Component_A,Medium,24.981251315653964,Customer,Low,5,Jun,False
912,3972,Server,Component_B,Low,39.573059813314416,Automated_System,Urgent,0,Nov,True
913,4922,Hardware,Component_D,High,7.031756854734241,Customer,Medium,6,Aug,True
914,5997,Hardware,Component_B,High,54.60022827869652,Customer,Low,2,Nov,False
915,8032,Software,Component_A,Low,42.14410799751315,Customer,Low,5,Sep,True
916,1992,Network,Component_C,Low,13.841191926431478,Automated_System,Medium,6,Nov,True
917,9112,Software,Component_C,High,13.95860228348676,Automated_System,Medium,0,Mar,True
918,6287,Hardware,Component_B,Low,13.673778587446208,Automated_System,Urgent,0,Feb,False
919,3240,Network,Component_A,High,4.57567070996328,Automated_System,Low,4,Apr,True
920,2476,Network,Component_C,Low,42.52758913007546,Customer,Low,5,Aug,False
921,7426,Hardware,Component_B,Low,60.58489469757833,Automated_System,Urgent,8,Nov,False
922,1389,Server,Component_B,Medium,1.751122300098285,Automated_System,Low,0,Aug,False
923,1999,Server,Component_A,Low,4.003832115446059,Automated_System,High,3,Mar,True
924,2855,Network,Component_D,Medium,41.45307478311663,Customer,High,9,Apr,False
925,9125,Software,Component_B,Low,59.09394150510274,Automated_System,High,7,Mar,True
926,9850,Server,Component_D,High,23.861830675657302,Automated_System,Low,9,Oct,True
927,3763,Software,Component_D,High,25.497429514752135,Customer,High,8,Feb,True
928,4663,Server,Component_C,Low,43.13877457101948,Customer,High,2,Apr,True
929,5986,Server,Component_D,Low,20.10622157237651,Customer,Urgent,1,Jun,False
930,2481,Software,Component_A,High,2.4024981745544154,Customer,Urgent,3,Nov,False
931,8256,Hardware,Component_C,Low,53.06883904426412,Automated_System,Medium,1,Nov,True
932,4731,Server,Component_C,Medium,45.2339687753139,Customer,Medium,0,May,False
933,8262,Server,Component_C,Medium,42.024053932479625,Automated_System,Medium,2,Mar,False
934,1451,Software,Component_B,Medium,53.53041522291535,Automated_System,Medium,6,Feb,False
935,4093,Hardware,Component_B,Medium,48.77900488568568,Automated_System,Urgent,0,Sep,True
936,1882,Server,Component_D,Medium,15.220562154749963,Automated_System,Urgent,1,Jan,False
937,5408,Server,Component_C,Low,25.702394856449608,Automated_System,Urgent,0,Sep,True
938,5068,Hardware,Component_C,Low,9.516875130021688,Customer,High,7,Jan,False
939,4277,Server,Component_A,Medium,9.784776459378493,Automated_System,High,4,Jul,True
940,9566,Hardware,Component_D,Low,48.84799586449255,Automated_System,Medium,7,Jun,True
941,8951,Hardware,Component_A,Low,61.88990764924862,Automated_System,High,2,Jul,True
942,5690,Software,Component_D,Medium,69.33537974607144,Customer,Low,6,Mar,False
943,5595,Network,Component_D,Low,45.42681890478527,Automated_System,Urgent,7,Mar,True
944,5559,Hardware,Component_B,Low,13.663244620308424,Automated_System,Medium,5,Nov,False
945,8291,Software,Component_B,Low,8.053999699598545,Customer,Medium,6,Jan,True
946,9160,Network,Component_A,Medium,58.61884446487818,Automated_System,Low,1,Apr,False
947,1112,Server,Component_D,Low,41.881088059739945,Automated_System,High,7,Dec,True
948,6131,Network,Component_C,High,44.70737900248097,Customer,Medium,4,Feb,False
949,4197,Hardware,Component_B,High,56.37453934596171,Automated_System,High,6,Oct,True
950,1139,Hardware,Component_C,Medium,50.784321782870286,Automated_System,High,0,Aug,True
951,2424,Hardware,Component_A,High,60.16376507921091,Automated_System,Low,4,Mar,True
952,3949,Hardware,Component_B,Medium,4.519294240381311,Automated_System,Medium,0,Jul,False
953,4168,Hardware,Component_B,High,53.94772552737509,Automated_System,High,7,Jul,True
954,9708,Software,Component_D,High,61.33597214852982,Customer,High,3,Dec,True
955,7043,Hardware,Component_A,High,20.958655535769473,Customer,Low,3,Sep,True
956,7989,Software,Component_D,Medium,46.291980090517576,Customer,Low,1,Jun,True
957,8236,Server,Component_B,Medium,22.962587564343504,Automated_System,High,4,Jan,False
958,7261,Hardware,Component_A,Low,68.99493125349547,Automated_System,Low,0,Aug,True
959,1887,Hardware,Component_B,Medium,2.8897854291385188,Automated_System,High,8,Jan,True
960,4104,Network,Component_A,High,41.95518833405629,Customer,Medium,4,Mar,False
961,1049,Server,Component_B,High,12.405003614040329,Automated_System,Urgent,5,Nov,False
962,4951,Hardware,Component_C,Medium,51.42374467016685,Automated_System,Low,1,May,False
963,4560,Hardware,Component_C,Medium,13.07615526443434,Automated_System,Urgent,9,Aug,True
964,1018,Server,Component_D,Medium,17.329903225732565,Customer,High,9,Sep,False
965,5821,Software,Component_C,Low,35.8475129897717,Customer,High,0,Jul,False
966,7340,Hardware,Component_B,High,65.91069892477678,Automated_System,High,3,Sep,False
967,9058,Network,Component_B,Low,15.637577608579916,Automated_System,Urgent,6,Nov,True
968,3606,Hardware,Component_C,Low,10.813161509944402,Automated_System,High,5,Mar,True
969,8846,Network,Component_D,High,54.76684347756319,Customer,Low,9,May,True
970,9643,Network,Component_C,High,36.29429656187607,Customer,Medium,0,Oct,False
971,7432,Hardware,Component_A,Medium,65.69263553529666,Customer,Medium,0,Aug,True
972,4765,Hardware,Component_A,Medium,10.982940836928723,Automated_System,Low,7,Dec,False
973,3438,Network,Component_A,Low,46.683844351147314,Customer,Medium,3,Jan,False
974,7358,Server,Component_C,Medium,17.150858949854776,Automated_System,Urgent,4,Aug,False
975,9319,Server,Component_C,Medium,11.70837064859221,Automated_System,High,6,Jul,True
976,6941,Hardware,Component_C,High,49.36520318374484,Customer,High,7,Jan,False
977,8644,Software,Component_A,High,42.948450323474425,Automated_System,High,9,Oct,False
978,5855,Server,Component_D,Medium,54.47016327290668,Customer,Urgent,6,Dec,True
979,7547,Hardware,Component_B,High,22.62657421590204,Automated_System,Urgent,1,Oct,False
980,8196,Server,Component_C,Medium,32.52997343132658,Automated_System,Urgent,3,Dec,False
981,6911,Software,Component_D,High,29.49122485762492,Customer,Low,9,Jun,False
982,7481,Hardware,Component_B,High,70.86239667360576,Automated_System,Urgent,0,Jan,True
983,3761,Software,Component_B,High,21.395800406866233,Automated_System,Medium,9,Feb,False
984,5456,Hardware,Component_B,High,21.57943254179383,Automated_System,Low,8,May,True
985,7361,Software,Component_D,Medium,25.850196931245428,Automated_System,Low,2,Feb,True
986,6693,Server,Component_D,Low,40.86847681225799,Automated_System,Low,2,Oct,False
987,6788,Server,Component_A,High,18.541076214857785,Automated_System,Urgent,9,Jan,False
988,1201,Software,Component_D,Medium,65.94323073711809,Automated_System,Low,8,Jun,False
989,7160,Software,Component_D,Medium,19.49651788793784,Automated_System,Urgent,9,Aug,False
990,1517,Software,Component_D,High,64.55082480655392,Customer,Urgent,2,Aug,True
991,8737,Hardware,Component_B,Low,7.898467050730803,Customer,Low,7,Aug,True
992,2988,Server,Component_C,High,47.44423322157514,Automated_System,High,1,Nov,False
993,4802,Hardware,Component_A,Medium,65.34946456833443,Automated_System,High,2,Jun,True
994,6808,Server,Component_C,Low,12.565584845473412,Customer,Low,1,Nov,False
995,8162,Network,Component_C,Medium,69.73537764709673,Automated_System,High,0,Mar,False
996,7241,Hardware,Component_D,High,32.881160269709085,Customer,Medium,1,Jan,False
997,9399,Server,Component_A,Low,68.11863025353325,Customer,Medium,7,Feb,False
998,6633,Server,Component_C,Medium,48.89263311954836,Customer,Urgent,8,May,True
999,6755,Hardware,Component_C,Medium,22.063461195958936,Automated_System,High,1,Oct,True
