InvoiceNo,ItemCode,Most popular item of the day,Quantity,Date,UnitPrice,CustomerID
1,85123A,WHITE HANGING HEART T-LIGHT HOLDER,6,01/12/2018,2.55,43009
2,71053,WHITE METAL LANTERN,6,02/12/2018,3.39,79874
3,84406B,CREAM CUPID HEARTS COAT HANGER,8,03/12/2018,2.75,45061
4,84029G,KNITTED UNION FLAG HOT WATER BOTTLE,6,04/12/2018,3.39,47110
5,84029E,RED WOOLLY HOTTIE WHITE HEART.,6,05/12/2018,3.39,77834
6,22752,SET 7 BABUSHKA NESTING BOXES,2,06/12/2018,7.65,55306
7,21730,GLASS STAR FROSTED T-LIGHT HOLDER,6,07/12/2018,4.25,32781
8,22633,HAND WARMER UNION JACK,6,08/12/2018,1.85,61453
9,22632,HAND WARMER RED POLKA DOT,6,09/12/2018,1.85,90129
10,84879,ASSORTED COLOUR BIRD ORNAMENT,32,10/12/2018,1.69,67602
11,22745,POPPY'S PLAYHOUSE BEDROOM ,6,11/12/2018,2.1,98324
12,22748,POPPY'S PLAYHOUSE KITCHEN,6,12/12/2018,2.1,24599
13,22749,FELTCRAFT PRINCESS CHARLOTTE DOLL,8,13/12/2018,3.75,88088
14,22310,IVORY KNITTED MUG COSY ,6,14/12/2018,1.65,57369
15,84969,BOX OF 6 ASSORTED COLOUR TEASPOONS,6,15/12/2018,4.25,63514
16,22623,BOX OF VINTAGE JIGSAW BLOCKS ,3,16/12/2018,4.95,75806
17,22622,BOX OF VINTAGE ALPHABET BLOCKS,2,17/12/2018,9.95,43040
18,21754,HOME BUILDING BLOCK WORD,3,18/12/2018,5.95,96291
19,21755,LOVE BUILDING BLOCK WORD,3,19/12/2018,5.95,84004
20,21777,RECIPE BOX WITH METAL HEART,4,20/12/2018,7.95,71718
21,48187,DOORMAT NEW ENGLAND,4,21/12/2018,7.95,51240
22,22960,JAM MAKING SET WITH JARS,6,22/12/2018,4.25,34860
23,22913,RED COAT RACK PARIS FASHION,3,23/12/2018,4.95,43053
24,22912,YELLOW COAT RACK PARIS FASHION,3,24/12/2018,4.95,45103
25,22914,BLUE COAT RACK PARIS FASHION,3,25/12/2018,4.95,38961
26,21756,BATH BUILDING BLOCK WORD,3,26/12/2018,5.95,20530
27,22728,ALARM CLOCK BAKELIKE PINK,24,27/12/2018,3.75,65586
28,22727,ALARM CLOCK BAKELIKE RED ,24,28/12/2018,3.75,77876
29,22726,ALARM CLOCK BAKELIKE GREEN,12,29/12/2018,3.75,53303
30,21724,PANDA AND BUNNIES STICKER SHEET,12,30/12/2018,0.85,30777
31,21883,STARS GIFT TAPE ,24,31/12/2018,0.65,12345
32,10002,INFLATABLE POLITICAL GLOBE ,48,01/01/2019,0.85,77881
33,21791,VINTAGE HEADS AND TAILS CARD GAME ,24,02/01/2019,1.25,28730
34,21035,SET/2 RED RETROSPOT TEA TOWELS ,18,03/01/2019,2.95,81981
35,22326,ROUND SNACK BOXES SET OF4 WOODLAND ,24,04/01/2019,2.95,92222
36,22629,SPACEBOY LUNCH BOX ,24,05/01/2019,1.95,32827
37,22659,LUNCH BOX I LOVE LONDON,24,06/01/2019,1.95,53312
38,22631,CIRCUS PARADE LUNCH BOX ,24,07/01/2019,1.95,30787
39,22661,CHARLOTTE BAG DOLLY GIRL DESIGN,20,08/01/2019,0.85,34883
40,21731,RED TOADSTOOL LED NIGHT LIGHT,24,09/01/2019,1.65,34886
41,22900, SET 2 TEA TOWELS I LOVE LONDON ,24,10/01/2019,2.95,73799
42,21913,VINTAGE SEASIDE JIGSAW PUZZLES,12,11/01/2019,3.75,55367
43,22540,MINI JIGSAW CIRCUS PARADE ,24,12/01/2019,0.42,65610
44,22544,MINI JIGSAW SPACEBOY,24,13/01/2019,0.42,77899
45,22492,MINI PAINT SET VINTAGE ,36,14/01/2019,0.65,22603
46,POST,POSTAGE,3,15/01/2019,18,34894
47,22086,PAPER CHAIN KIT 50'S CHRISTMAS ,80,16/01/2019,2.55,38994
48,22632,HAND WARMER RED POLKA DOT,6,17/01/2019,1.85,34900
49,22633,HAND WARMER UNION JACK,6,18/01/2019,1.85,84055
50,85123A,WHITE HANGING HEART T-LIGHT HOLDER,6,19/01/2019,2.55,92249
51,71053,WHITE METAL LANTERN,6,20/01/2019,3.39,94300
52,84406B,CREAM CUPID HEARTS COAT HANGER,8,21/01/2019,2.75,28765
53,20679,EDWARDIAN PARASOL RED,6,22/01/2019,4.95,43102
54,37370,RETRO COFFEE MUGS ASSORTED,6,23/01/2019,1.06,88158
55,21871,SAVE THE PLANET MUG,6,24/01/2019,1.06,16488
56,21071,VINTAGE BILLBOARD DRINK ME MUG,6,25/01/2019,1.06,75882
57,21068,VINTAGE BILLBOARD LOVE/HATE MUG,6,26/01/2019,1.06,20589
58,82483,WOOD 2 DRAWER CABINET WHITE FINISH,2,27/01/2019,4.95,63597
59,82486,WOOD S/3 CABINET ANT WHITE FINISH,4,28/01/2019,6.95,67695
60,82482,WOODEN PICTURE FRAME WHITE FINISH,6,29/01/2019,2.1,96367
61,82494L,WOODEN FRAME ANTIQUE WHITE ,6,30/01/2019,2.55,63599
62,84029G,KNITTED UNION FLAG HOT WATER BOTTLE,6,31/01/2019,3.39,51313
63,84029E,RED WOOLLY HOTTIE WHITE HEART.,6,01/02/2019,3.39,55411
64,22752,SET 7 BABUSHKA NESTING BOXES,2,02/02/2019,7.65,45175
65,21730,GLASS STAR FROSTED T-LIGHT HOLDER,6,03/02/2019,4.25,43128
66,21258,VICTORIAN SEWING BOX LARGE,32,04/02/2019,10.95,71801
67,85123A,WHITE HANGING HEART T-LIGHT HOLDER,6,05/02/2019,2.55,77944
68,71053,WHITE METAL LANTERN,6,06/02/2019,3.39,30840
69,84406B,CREAM CUPID HEARTS COAT HANGER,8,07/02/2019,2.75,73852
70,20679,EDWARDIAN PARASOL RED,6,08/02/2019,4.95,63609
71,37370,RETRO COFFEE MUGS ASSORTED,6,09/02/2019,1.06,30843
72,21871,SAVE THE PLANET MUG,6,10/02/2019,1.06,53376
73,21071,VINTAGE BILLBOARD DRINK ME MUG,6,11/02/2019,1.06,67713
74,21068,VINTAGE BILLBOARD LOVE/HATE MUG,6,12/02/2019,1.06,28800
75,82483,WOOD 2 DRAWER CABINET WHITE FINISH,2,13/02/2019,4.95,73860
76,82486,WOOD S/3 CABINET ANT WHITE FINISH,4,14/02/2019,6.95,80004
77,82482,WOODEN PICTURE FRAME WHITE FINISH,6,15/02/2019,2.1,59526
78,82494L,WOODEN FRAME ANTIQUE WHITE ,6,16/02/2019,2.55,96393
79,84029G,KNITTED UNION FLAG HOT WATER BOTTLE,6,17/02/2019,3.39,57482
80,84029E,RED WOOLLY HOTTIE WHITE HEART.,6,18/02/2019,3.39,92298
81,22752,SET 7 BABUSHKA NESTING BOXES,2,19/02/2019,7.65,45193
82,21730,GLASS STAR FROSTED T-LIGHT HOLDER,6,20/02/2019,4.25,73868
83,22114,HOT WATER BOTTLE TEA AND SYMPATHY,48,21/02/2019,3.45,24718
84,21733,RED HANGING HEART T-LIGHT HOLDER,64,22/02/2019,2.55,77965
85,22632,HAND WARMER RED POLKA DOT,6,23/02/2019,1.85,22672
86,22633,HAND WARMER UNION JACK,6,24/02/2019,1.85,51340
87,22386,JUMBO BAG PINK POLKADOT,10,25/02/2019,1.95,67723
88,85099C,JUMBO  BAG BAROQUE BLACK WHITE,10,26/02/2019,1.95,16532
89,21033,JUMBO BAG CHARLIE AND LOLA TOYS,10,27/02/2019,2.95,49301
90,20723,STRAWBERRY CHARLOTTE BAG,10,28/02/2019,0.85,28822
91,84997B,RED 3 PIECE RETROSPOT CUTLERY SET,12,01/03/2019,3.75,84119
92,84997C,BLUE 3 PIECE POLKADOT CUTLERY SET,6,02/03/2019,3.75,92312
93,21094,SET/6 RED SPOTTY PAPER PLATES,12,03/03/2019,0.85,75935
94,20725,LUNCH BAG RED RETROSPOT,10,04/03/2019,1.65,39072
95,21559,STRAWBERRY LUNCH BOX WITH CUTLERY,6,05/03/2019,2.55,20643
96,22352,LUNCH BOX WITH CUTLERY RETROSPOT ,6,06/03/2019,2.55,37027
97,21212,PACK OF 72 RETROSPOT CAKE CASES,120,07/03/2019,0.42,32935
98,21975,PACK OF 60 DINOSAUR CAKE CASES,24,08/03/2019,0.55,37033
99,21977,PACK OF 60 PINK PAISLEY CAKE CASES,24,09/03/2019,0.55,34986
100,84991,60 TEATIME FAIRY CAKE CASES,24,10/03/2019,0.55,28845
101,84519A,TOMATO CHARLIE+LOLA COASTER SET,6,11/03/2019,2.95,80046
102,85183B,CHARLIE & LOLA WASTEPAPER BIN FLORA,48,12/03/2019,1.25,98478
103,85071B,RED CHARLIE+LOLA PERSONAL DOORSIGN,96,13/03/2019,0.38,39090
104,21931,JUMBO STORAGE BAG SUKI,10,14/03/2019,1.95,32948
105,21929,JUMBO BAG PINK VINTAGE PAISLEY,10,15/03/2019,1.95,30901
106,22961,JAM MAKING SET PRINTED,24,16/03/2019,1.45,71864
107,22139,RETROSPOT TEA SET CERAMIC 11 PC ,23,17/03/2019,4.25,80057
108,84854,GIRLY PINK TOOL SET,5,18/03/2019,4.95,24762
109,22411,JUMBO SHOPPER VINTAGE RED PAISLEY,10,19/03/2019,1.95,90302
110,82567,"AIRLINE LOUNGE,METAL SIGN",2,20/03/2019,2.1,75967
111,21672,WHITE SPOT RED CERAMIC DRAWER KNOB,6,21/03/2019,1.25,41154
112,22774,RED DRAWER KNOB ACRYLIC EDWARDIAN,24,22/03/2019,1.25,78020
113,22771,CLEAR DRAWER KNOB ACRYLIC EDWARDIAN,24,23/03/2019,1.25,16581
114,71270,PHOTO CLIP LINE,1,24/03/2019,1.25,47300
115,22262,FELT EGG COSY CHICKEN,1,25/03/2019,0.85,75973
116,22637,PIGGY BANK RETROSPOT ,1,26/03/2019,2.55,90312
117,21934,SKULL SHOULDER BAG,10,27/03/2019,1.65,14538
118,21169,YOU'RE CONFUSING ME METAL SIGN ,3,28/03/2019,1.69,26827
119,21166,COOK WITH WINE METAL SIGN ,1,29/03/2019,1.95,14542
120,21175,GIN + TONIC DIET METAL SIGN,2,30/03/2019,2.1,47311
121,37444A,YELLOW BREAKFAST CUP AND SAUCER,1,31/03/2019,2.95,49365
122,37444C,PINK BREAKFAST CUP AND SAUCER ,1,01/04/2019,2.95,30939
123,22086,PAPER CHAIN KIT 50'S CHRISTMAS ,4,02/04/2019,2.95,28892
124,22083,PAPER CHAIN KIT RETROSPOT,1,03/04/2019,2.95,92381
125,84971S,SMALL HEART FLOWERS HOOK ,6,04/04/2019,0.85,75998
126,71270,PHOTO CLIP LINE,3,05/04/2019,1.25,14559
127,47580,TEA TIME DES TEA COSY,2,06/04/2019,2.55,96480
128,22261,FELT EGG COSY WHITE RABBIT ,1,07/04/2019,0.85,24801
129,84832,ZINC WILLIE WINKIE  CANDLE STICK,1,08/04/2019,0.85,51425
130,22644,CERAMIC CHERRY CAKE MONEY BANK,1,09/04/2019,1.45,78052
131,21533,RETROSPOT LARGE MILK JUG,1,10/04/2019,4.95,94437
132,21557,SET OF 6 FUNKY BEAKERS,2,11/04/2019,2.95,96484
133,15056BL,EDWARDIAN PARASOL BLACK,2,12/04/2019,5.95,16613
134,15056N,EDWARDIAN PARASOL NATURAL,2,13/04/2019,5.95,82154
135,22646,CERAMIC STRAWBERRY CAKE MONEY BANK,4,14/04/2019,1.45,67821
136,22176,BLUE OWL SOFT TOY,1,15/04/2019,2.95,30959
137,22438,BALLOON ART MAKE YOUR OWN FLOWERS,1,16/04/2019,1.95,24818
138,21731,RED TOADSTOOL LED NIGHT LIGHT,2,17/04/2019,1.65,26869
139,22778,GLASS CLOCHE SMALL,3,18/04/2019,3.95,69878
140,22719,GUMBALL MONOCHROME COAT RACK,36,19/04/2019,1.06,55542
141,21523,DOORMAT FANCY FONT HOME SWEET HOME,10,20/04/2019,6.75,78072
142,D,Discount,-1,21/04/2019,27.5,33016
143,10002,INFLATABLE POLITICAL GLOBE ,12,22/04/2019,0.85,67832
144,21912,VINTAGE SNAKES & LADDERS,8,23/04/2019,3.75,80122
145,21832,CHOCOLATE CALCULATOR,12,24/04/2019,1.65,76029
146,22411,JUMBO SHOPPER VINTAGE RED PAISLEY,10,25/04/2019,1.95,24831
147,22379,RECYCLING BAG RETROSPOT ,10,26/04/2019,2.1,41216
148,22381,TOY TIDY PINK POLKADOT,50,27/04/2019,1.85,33030
149,22798,ANTIQUE GLASS DRESSING TABLE POT,8,28/04/2019,2.95,49415
150,22726,ALARM CLOCK BAKELIKE GREEN,4,29/04/2019,3.75,67851
151,22926,IVORY GIANT GARDEN THERMOMETER,12,30/04/2019,5.95,90380
152,22839,3 TIER CAKE TIN GREEN AND CREAM,2,01/05/2019,14.95,88333
153,22838,3 TIER CAKE TIN RED AND CREAM,2,02/05/2019,14.95,37134
154,22783,SET 3 WICKER OVAL BASKETS W LIDS,4,03/05/2019,16.95,55565
155,35004C,SET OF 3 COLOURED  FLYING DUCKS,-1,04/05/2019,4.65,69899
156,82484,WOOD BLACK BOARD ANT WHITE FINISH,3,05/05/2019,6.45,67860
157,84755,COLOUR GLASS T-LIGHT HOLDER HANGING,48,06/05/2019,0.65,55572
158,22464,HANGING METAL HEART LANTERN,12,07/05/2019,1.65,74007
159,21324,HANGING MEDINA LANTERN SMALL,6,08/05/2019,2.95,98583
160,22457,NATURAL SLATE HEART CHALKBOARD ,12,09/05/2019,2.95,67865
161,22469,HEART OF WICKER SMALL,40,10/05/2019,1.45,33050
162,22470,HEART OF WICKER LARGE,40,11/05/2019,2.55,67867
163,22224,WHITE LOVEBIRD LANTERN,6,12/05/2019,2.95,94493
164,21340,CLASSIC METAL BIRDCAGE PLANT HOLDER,2,13/05/2019,12.75,18721
165,22189,CREAM HEART CARD HOLDER,4,14/05/2019,3.95,45347
166,22427,ENAMEL FLOWER JUG CREAM,3,15/05/2019,5.95,26916
167,22428,ENAMEL FIRE BUCKET CREAM,6,16/05/2019,6.95,55593
168,22424,ENAMEL BREAD BIN CREAM,8,17/05/2019,10.95,94507
169,22783,SET 3 WICKER OVAL BASKETS W LIDS,1,18/05/2019,19.95,47406
170,22961,JAM MAKING SET PRINTED,12,19/05/2019,1.45,92469
171,22960,JAM MAKING SET WITH JARS,6,20/05/2019,4.25,47414
172,22663,JUMBO BAG DOLLY GIRL DESIGN,10,21/05/2019,1.95,69943
173,85049A,TRADITIONAL CHRISTMAS RIBBONS,12,22/05/2019,1.25,88379
174,22168,ORGANISER WOOD ANTIQUE WHITE ,2,23/05/2019,8.5,71997
175,22662,LUNCH BAG DOLLY GIRL DESIGN,10,24/05/2019,1.65,63806
176,84880,WHITE WIRE EGG HOLDER,36,25/05/2019,4.95,61759
177,85099C,JUMBO  BAG BAROQUE BLACK WHITE,100,26/05/2019,1.65,90433
178,85099B,JUMBO BAG RED RETROSPOT,100,27/05/2019,1.65,31042
179,79321,CHILLI LIGHTS,192,28/05/2019,3.82,26947
180,22780,LIGHT GARLAND BUTTERFILES PINK,192,29/05/2019,3.37,10563
181,22779,WOODEN OWLS LIGHT GARLAND ,192,30/05/2019,3.37,24901
182,22466,FAIRY TALE COTTAGE NIGHTLIGHT,432,31/05/2019,1.45,43334
183,21731,RED TOADSTOOL LED NIGHT LIGHT,432,01/06/2019,1.25,43335
184,21754,HOME BUILDING BLOCK WORD,3,02/06/2019,5.95,84295
185,21755,LOVE BUILDING BLOCK WORD,3,03/06/2019,5.95,94535
186,21523,DOORMAT FANCY FONT HOME SWEET HOME,2,04/06/2019,7.95,41292
187,21363,HOME SMALL WOOD LETTERS,3,05/06/2019,4.95,84302
188,21411,GINGHAM HEART  DOORSTOP RED,3,06/06/2019,4.25,65870
189,22318,FIVE HEART HANGING DECORATION,6,07/06/2019,2.95,69971
190,22464,HANGING METAL HEART LANTERN,12,08/06/2019,1.65,92499
191,22915,ASSORTED BOTTLE TOP  MAGNETS ,12,09/06/2019,0.42,65877
192,22922,FRIDGE MAGNETS US DINER ASSORTED,12,10/06/2019,0.85,16725
193,22969,HOMEMADE JAM SCENTED CANDLES,12,11/06/2019,1.45,59733
194,22923,FRIDGE MAGNETS LES ENFANTS ASSORTED,12,12/06/2019,0.85,94548
195,21115,ROSE CARAVAN DOORSTOP,4,13/06/2019,6.75,41300
196,22469,HEART OF WICKER SMALL,12,14/06/2019,1.65,96603
197,22242,5 HOOK HANGER MAGIC TOADSTOOL,12,15/06/2019,1.65,39268
198,22941,CHRISTMAS LIGHTS 10 REINDEER,6,16/06/2019,8.5,57706
199,21622,VINTAGE UNION JACK CUSHION COVER,8,17/06/2019,4.95,16748
200,21791,VINTAGE HEADS AND TAILS CARD GAME ,12,18/06/2019,1.25,53613
201,35004C,SET OF 3 COLOURED  FLYING DUCKS,6,19/06/2019,5.45,51566
202,35004G,SET OF 3 GOLD FLYING DUCKS,4,20/06/2019,6.35,96621
203,85014B,RED RETROSPOT UMBRELLA,6,21/06/2019,5.95,78194
204,85014A,BLACK/BLUE POLKADOT UMBRELLA,3,22/06/2019,5.95,94580
205,22193,RED DINER WALL CLOCK,2,23/06/2019,8.5,90485
206,22726,ALARM CLOCK BAKELIKE GREEN,4,24/06/2019,3.75,94581
207,22727,ALARM CLOCK BAKELIKE RED ,4,25/06/2019,3.75,67960
208,22192,BLUE DINER WALL CLOCK,2,26/06/2019,8.5,65915
209,22191,IVORY DINER WALL CLOCK,2,27/06/2019,8.5,92541
210,22195,LARGE HEART MEASURING SPOONS,24,28/06/2019,1.65,74109
211,22196,SMALL HEART MEASURING SPOONS,24,29/06/2019,0.85,65919
212,22941,CHRISTMAS LIGHTS 10 REINDEER,2,30/06/2019,8.5,33152
213,22960,JAM MAKING SET WITH JARS,12,01/07/2019,3.75,39299
214,22961,JAM MAKING SET PRINTED,12,02/07/2019,1.45,51589
215,22962,JAM JAR WITH PINK LID,48,03/07/2019,0.72,70024
216,22963,JAM JAR WITH GREEN LID,48,04/07/2019,0.72,45453
217,22968,ROSE COTTAGE KEEPSAKE BOX ,8,05/07/2019,8.5,41358
218,84970S,HANGING HEART ZINC T-LIGHT HOLDER,144,06/07/2019,0.64,90510
219,22910,PAPER CHAIN KIT VINTAGE CHRISTMAS,40,07/07/2019,2.55,96656
220,20668,DISCO BALL CHRISTMAS DECORATION,288,08/07/2019,0.1,84370
221,85123A,WHITE HANGING HEART T-LIGHT HOLDER,64,09/07/2019,2.55,14745
222,22197,SMALL POPCORN HOLDER,100,10/07/2019,0.72,51610
223,22198,LARGE POPCORN HOLDER ,50,11/07/2019,1.45,29083
224,21533,RETROSPOT LARGE MILK JUG,12,12/07/2019,4.25,14752
225,21080,SET/20 RED RETROSPOT PAPER NAPKINS ,96,13/07/2019,0.64,94627
226,21094,SET/6 RED SPOTTY PAPER PLATES,96,14/07/2019,0.64,47523
227,21086,SET/6 RED SPOTTY PAPER CUPS,48,15/07/2019,0.65,29094
228,21786,POLKADOT RAIN HAT ,144,16/07/2019,0.32,31143
229,22654,DELUXE SEWING KIT ,40,17/07/2019,4.95,27048
230,21485,RETROSPOT HEART HOT WATER BOTTLE,24,18/07/2019,4.25,10666
231,84029G,KNITTED UNION FLAG HOT WATER BOTTLE,24,19/07/2019,3.39,65965
232,84030E,ENGLISH ROSE HOT WATER BOTTLE,24,20/07/2019,3.75,49581
233,22174,PHOTO CUBE,48,21/07/2019,1.48,51633
234,22969,HOMEMADE JAM SCENTED CANDLES,96,22/07/2019,1.25,76211
235,85099B,JUMBO BAG RED RETROSPOT,100,23/07/2019,1.65,25011
236,22556,PLASTERS IN TIN CIRCUS PARADE ,-12,24/07/2019,1.65,25015
237,21984,PACK OF 12 PINK PAISLEY TISSUES ,-24,25/07/2019,0.29,57783
238,21983,PACK OF 12 BLUE PAISLEY TISSUES ,-24,26/07/2019,0.29,35257
239,21980,PACK OF 12 RED RETROSPOT TISSUES ,-24,27/07/2019,0.29,92602
240,21484,CHICK GREY HOT WATER BOTTLE,-12,28/07/2019,3.45,14778
241,22557,PLASTERS IN TIN VINTAGE PAISLEY ,-12,29/07/2019,1.65,31164
242,22553,PLASTERS IN TIN SKULLS,-24,30/07/2019,1.65,53694
243,22150,3 STRIPEY MICE FELTCRAFT,6,31/07/2019,1.95,33215
244,22619,SET OF 6 SOLDIER SKITTLES,4,01/08/2019,3.75,47553
245,21891,TRADITIONAL WOODEN SKIPPING ROPE,12,02/08/2019,1.25,37318
246,21889,WOODEN BOX OF DOMINOES,12,03/08/2019,1.25,92614
247,22827,RUSTIC  SEVENTEEN DRAWER SIDEBOARD,1,04/08/2019,165,61900
248,22127,PARTY CONES CARNIVAL ASSORTED,12,05/08/2019,1.25,57805
249,22128,PARTY CONES CANDY ASSORTED,12,06/08/2019,1.25,82382
250,22502,PICNIC BASKET WICKER SMALL,4,07/08/2019,5.95,90576
251,84879,ASSORTED COLOUR BIRD ORNAMENT,16,08/08/2019,1.69,59858
252,22338,STAR DECORATION PAINTED ZINC ,24,09/08/2019,0.65,27091
253,22180,RETROSPOT LAMP,8,10/08/2019,9.95,25044
254,21506,"FANCY FONT BIRTHDAY CARD, ",24,11/08/2019,0.42,33234
255,22633,HAND WARMER UNION JACK,96,12/08/2019,1.85,94685
256,22866,HAND WARMER SCOTTY DOG DESIGN,96,13/08/2019,1.85,66016
257,22865,HAND WARMER OWL DESIGN,96,14/08/2019,1.85,90593
258,22632,HAND WARMER RED RETROSPOT,96,15/08/2019,1.85,45538
259,21485,RETROSPOT HEART HOT WATER BOTTLE,12,16/08/2019,4.95,12769
260,22349,DOG BOWL CHASING BALL DESIGN,12,17/08/2019,3.75,78304
261,22558,CLOTHES PEGS RETROSPOT PACK 24 ,48,18/08/2019,1.25,47589
262,85152,HAND OVER THE CHOCOLATE   SIGN ,12,19/08/2019,2.1,80360
263,85123A,WHITE HANGING HEART T-LIGHT HOLDER,32,20/08/2019,2.55,59882
264,22652,TRAVEL SEWING KIT,20,21/08/2019,1.65,16874
265,22188,BLACK HEART CARD HOLDER,8,22/08/2019,3.95,80369
266,84879,ASSORTED COLOUR BIRD ORNAMENT,32,23/08/2019,1.69,37366
267,21977,PACK OF 60 PINK PAISLEY CAKE CASES,24,24/08/2019,0.55,68088
268,84991,60 TEATIME FAIRY CAKE CASES,24,25/08/2019,0.55,10745
269,21212,PACK OF 72 RETROSPOT CAKE CASES,24,26/08/2019,0.55,55801
270,21484,CHICK GREY HOT WATER BOTTLE,8,27/08/2019,3.45,14843
271,21314,SMALL GLASS HEART TRINKET POT,8,28/08/2019,2.1,31228
272,22730,ALARM CLOCK BAKELIKE IVORY,4,29/08/2019,3.75,90619
273,22727,ALARM CLOCK BAKELIKE RED ,8,30/08/2019,3.75,35326
274,22729,ALARM CLOCK BAKELIKE ORANGE,8,31/08/2019,3.75,25087
275,22726,ALARM CLOCK BAKELIKE GREEN,8,01/09/2019,3.75,49663
276,22114,HOT WATER BOTTLE TEA AND SYMPATHY,8,02/09/2019,3.95,33277
277,22867,HAND WARMER BIRD DESIGN,48,03/09/2019,2.1,82434
278,22866,HAND WARMER SCOTTY DOG DESIGN,48,04/09/2019,2.1,31235
279,85123A,WHITE HANGING HEART T-LIGHT HOLDER,6,05/09/2019,2.55,76292
280,71053,WHITE METAL LANTERN,6,06/09/2019,3.39,31238
281,84406B,CREAM CUPID HEARTS COAT HANGER,8,07/09/2019,2.75,66056
282,15056BL,EDWARDIAN PARASOL BLACK,6,08/09/2019,4.95,47627
283,20679,EDWARDIAN PARASOL RED,6,09/09/2019,4.95,96781
284,37370,RETRO COFFEE MUGS ASSORTED,6,10/09/2019,1.06,68110
285,21871,SAVE THE PLANET MUG,6,11/09/2019,1.06,35345
286,21071,VINTAGE BILLBOARD DRINK ME MUG,6,12/09/2019,1.06,61970
287,21068,VINTAGE BILLBOARD LOVE/HATE MUG,6,13/09/2019,1.06,80403
288,82483,WOOD 2 DRAWER CABINET WHITE FINISH,2,14/09/2019,4.95,90644
289,82486,WOOD S/3 CABINET ANT WHITE FINISH,4,15/09/2019,6.95,39441
290,82482,WOODEN PICTURE FRAME WHITE FINISH,6,16/09/2019,2.1,74258
291,82494L,WOODEN FRAME ANTIQUE WHITE ,12,17/09/2019,2.55,94745
292,84029G,KNITTED UNION FLAG HOT WATER BOTTLE,6,18/09/2019,3.39,66076
293,84029E,RED WOOLLY HOTTIE WHITE HEART.,6,19/09/2019,3.39,14877
294,22752,SET 7 BABUSHKA NESTING BOXES,2,20/09/2019,7.65,78368
295,22803,IVORY EMBROIDERED QUILT ,2,21/09/2019,35.75,18977
296,21730,GLASS STAR FROSTED T-LIGHT HOLDER,6,22/09/2019,4.25,47648
297,35004B,SET OF 3 BLACK FLYING DUCKS,12,23/09/2019,4.65,76323
298,35004C,SET OF 3 COLOURED  FLYING DUCKS,48,24/09/2019,4.65,16931
299,21980,PACK OF 12 RED RETROSPOT TISSUES ,24,25/09/2019,0.29,25125
300,21844,RED RETROSPOT MUG,6,26/09/2019,2.95,59941
301,22468,BABUSHKA LIGHTS STRING OF 10,4,27/09/2019,6.75,88616
302,22637,PIGGY BANK RETROSPOT ,8,28/09/2019,2.55,53804
303,22752,SET 7 BABUSHKA NESTING BOXES,6,29/09/2019,8.5,74285
304,48185,DOORMAT FAIRY CAKE,2,30/09/2019,7.95,25134
305,22632,HAND WARMER RED RETROSPOT,12,01/10/2019,2.1,53809
306,22866,HAND WARMER SCOTTY DOG DESIGN,12,02/10/2019,2.1,10807
307,22865,HAND WARMER OWL DESIGN,12,03/10/2019,2.1,59961
308,21232,STRAWBERRY CERAMIC TRINKET BOX,12,04/10/2019,1.25,29242
309,22064,PINK DOUGHNUT TRINKET POT ,12,05/10/2019,1.65,19003
310,22449,SILK PURSE BABUSHKA PINK,6,06/10/2019,3.35,90686
311,22114,HOT WATER BOTTLE TEA AND SYMPATHY,4,07/10/2019,3.95,47679
312,22835,HOT WATER BOTTLE I AM SO POORLY,8,08/10/2019,4.65,19009
313,22112,CHOCOLATE HOT WATER BOTTLE,9,09/10/2019,4.95,53828
314,21479,WHITE SKULL HOT WATER BOTTLE ,4,10/10/2019,3.75,82501
315,22111,SCOTTIE DOG HOT WATER BOTTLE,9,11/10/2019,4.95,53834
316,22632,HAND WARMER RED POLKA DOT,6,12/10/2019,1.85,94797
317,22633,HAND WARMER UNION JACK,6,13/10/2019,1.85,98894
318,22969,HOMEMADE JAM SCENTED CANDLES,12,14/10/2019,1.45,84558
319,22110,BIRD HOUSE HOT WATER BOTTLE,1,15/10/2019,2.55,94805
320,22098,BOUDOIR SQUARE TISSUE BOX,1,16/10/2019,1.25,66133
321,22100,SKULLS SQUARE TISSUE BOX,2,17/10/2019,1.25,53845
322,22766,PHOTO FRAME CORNICE,1,18/10/2019,2.95,19031
323,22451,SILK PURSE BABUSHKA RED,1,19/10/2019,3.35,27225
324,22549,PICTURE DOMINOES,1,20/10/2019,1.45,98904
325,84744,S/6 SEW ON CROCHET FLOWERS,1,21/10/2019,1.25,86616
326,85049E,SCANDINAVIAN REDS RIBBONS,2,22/10/2019,1.25,25183
327,21328,BALLOONS  WRITING SET ,1,23/10/2019,1.65,47711
328,22961,JAM MAKING SET PRINTED,4,24/10/2019,1.45,43616
329,17091A,LAVENDER INCENSE IN TIN,1,25/10/2019,1.25,62050
330,22473,TV DINNER TRAY VINTAGE PAISLEY,1,26/10/2019,4.95,60003
331,84509A,SET OF 4 ENGLISH ROSE PLACEMATS,2,27/10/2019,3.75,96867
332,84510A,SET OF 4 ENGLISH ROSE COASTERS,2,28/10/2019,1.25,27240
333,22767,TRIPLE PHOTO FRAME CORNICE ,2,29/10/2019,9.95,60010
334,22768,FAMILY PHOTO FRAME CORNICE,1,30/10/2019,9.95,86636
335,21463,MIRRORED DISCO BALL ,1,31/10/2019,5.95,45681
336,21464,DISCO BALL ROTATOR BATTERY OPERATED,1,01/11/2019,4.25,53874
337,20820,SILVER LOOKING MIRROR,3,02/11/2019,4.95,86644
338,85150,LADIES & GENTLEMEN METAL SIGN,1,03/11/2019,2.55,21109
339,22117,METAL SIGN HER DINNER IS SERVED ,1,04/11/2019,2.95,94842
340,21169,YOU'RE CONFUSING ME METAL SIGN ,2,05/11/2019,1.69,80506
341,48129,DOORMAT TOPIARY,1,06/11/2019,7.95,12926
342,82580,BATHROOM METAL SIGN,1,07/11/2019,0.55,78464
343,82578,KITCHEN METAL SIGN,1,08/11/2019,0.55,27266
344,82581,TOILET METAL SIGN,2,09/11/2019,0.55,27267
345,22413,METAL SIGN TAKE IT OR LEAVE IT ,4,10/11/2019,2.95,90756
346,21907,I'M ON HOLIDAY METAL SIGN,2,11/11/2019,2.1,19083
347,22441,GROW YOUR OWN BASIL IN ENAMEL MUG,1,12/11/2019,2.1,64140
348,21122,SET/10 PINK POLKADOT PARTY CANDLES,1,13/11/2019,1.25,17037
349,22851,SET 20 NAPKINS FAIRY CAKES DESIGN ,1,14/11/2019,0.85,43661
350,84991,60 TEATIME FAIRY CAKE CASES,3,15/11/2019,0.55,25229
351,22810,SET OF 6 T-LIGHTS SNOWMEN,1,16/11/2019,2.95,25232
352,22809,SET OF 6 T-LIGHTS SANTA,1,17/11/2019,2.95,60051
353,22435,SET OF 9 HEART SHAPED BALLOONS,2,18/11/2019,1.25,78484
354,20966,SANDWICH BATH SPONGE,3,19/11/2019,1.25,31385
355,20963,APPLE BATH SPONGE,1,20/11/2019,1.25,58016
356,20961,STRAWBERRY BATH SPONGE ,1,21/11/2019,1.25,84642
357,22068,BLACK PIRATE TREASURE CHEST,2,22/11/2019,1.65,55971
358,21743,STAR PORTABLE TABLE LIGHT ,2,23/11/2019,2.95,23207
359,21744,SNOWFLAKE PORTABLE TABLE LIGHT ,2,24/11/2019,2.95,41642
360,84709B,PINK OVAL JEWELLED MIRROR,1,25/11/2019,5.95,39594
361,21592,RETROSPOT CIGAR BOX MATCHES ,1,26/11/2019,1.25,62124
362,21587,COSY HOUR GIANT TUBE MATCHES,2,27/11/2019,2.55,27307
363,20992,JAZZ HEARTS PURSE NOTEBOOK,9,28/11/2019,0.85,76465
364,22662,LUNCH BAG DOLLY GIRL DESIGN,1,29/11/2019,1.65,70322
365,85123A,WHITE HANGING HEART T-LIGHT HOLDER,4,30/11/2019,2.95,64181
366,22804,CANDLEHOLDER PINK HANGING HEART,3,01/12/2019,2.95,35511
367,82483,WOOD 2 DRAWER CABINET WHITE FINISH,1,02/12/2019,5.95,45752
368,20749,ASSORTED COLOUR MINI CASES,1,03/12/2019,7.95,15033
369,20725,LUNCH BAG RED RETROSPOT,1,04/12/2019,1.65,60090
370,22382,LUNCH BAG SPACEBOY DESIGN ,2,05/12/2019,1.65,55995
371,20726,LUNCH BAG WOODLAND,1,06/12/2019,1.65,37560
372,22384,LUNCH BAG PINK POLKADOT,1,07/12/2019,1.65,47805
373,22467,GUMBALL COAT RACK,5,08/12/2019,2.55,17085
374,84625C,BLUE NEW BAROQUE CANDLESTICK CANDLE,3,09/12/2019,2.95,21183
375,84625A,PINK NEW BAROQUECANDLESTICK CANDLE,3,10/12/2019,2.95,56000
376,21108,FAIRY CAKE FLANNEL ASSORTED COLOUR,9,11/12/2019,2.55,76482
377,22848,BREAD BIN DINER STYLE PINK,1,12/12/2019,16.95,86725
378,21033,JUMBO BAG CHARLIE AND LOLA TOYS,4,13/12/2019,2.95,68295
379,47570B,TEA TIME TABLE CLOTH,1,14/12/2019,10.65,29385
380,84030E,ENGLISH ROSE HOT WATER BOTTLE,1,15/12/2019,4.25,23242
381,22428,ENAMEL FIRE BUCKET CREAM,2,16/12/2019,6.95,47818
382,22502,PICNIC BASKET WICKER SMALL,2,17/12/2019,5.95,62156
383,22086,PAPER CHAIN KIT 50'S CHRISTMAS ,40,18/12/2019,2.55,37581
384,22910,PAPER CHAIN KIT VINTAGE CHRISTMAS,40,19/12/2019,2.55,29386
385,22837,HOT WATER BOTTLE BABUSHKA ,36,20/12/2019,4.25,37584
386,22867,HAND WARMER BIRD DESIGN,96,21/12/2019,1.85,13009
387,POST,POSTAGE,1,22/12/2019,15,51923
388,22297,HEART IVORY TRELLIS SMALL,24,23/12/2019,1.25,21206
389,22771,CLEAR DRAWER KNOB ACRYLIC EDWARDIAN,12,24/12/2019,1.25,33500
390,22772,PINK DRAWER KNOB ACRYLIC EDWARDIAN,12,25/12/2019,1.25,80604
391,22773,GREEN DRAWER KNOB ACRYLIC EDWARDIAN,12,26/12/2019,1.25,49884
392,22805,BLUE DRAWER KNOB ACRYLIC EDWARDIAN,12,27/12/2019,1.25,56031
393,22469,HEART OF WICKER SMALL,12,28/12/2019,1.65,35552
394,22197,SMALL POPCORN HOLDER,36,29/12/2019,0.85,99039
395,21125,SET 6 FOOTBALL CELEBRATION CANDLES,12,30/12/2019,1.25,35551
396,21126,SET OF 6 GIRLS CELEBRATION CANDLES,12,31/12/2019,1.25,29415
397,85049C,ROMANTIC PINKS RIBBONS ,12,01/01/2020,1.25,37609
398,85049D,BRIGHT BLUES RIBBONS ,12,02/01/2020,1.25,92908
399,85049E,SCANDINAVIAN REDS RIBBONS,12,03/01/2020,1.25,62191
400,85049G,CHOCOLATE BOX RIBBONS ,12,04/01/2020,1.25,92912
401,21061,PARTY INVITES FOOTBALL,12,05/01/2020,0.85,58097
402,21063,PARTY INVITES JAZZ HEARTS,12,06/01/2020,0.85,99059
403,21062,PARTY INVITES SPACEMAN,12,07/01/2020,0.85,39670
404,84380,SET OF 3 BUTTERFLY COOKIE CUTTERS,12,08/01/2020,1.25,23286
405,84378,SET OF 3 HEART COOKIE CUTTERS,12,09/01/2020,1.25,15097
406,22964,3 PIECE SPACEBOY COOKIE CUTTER SET,12,10/01/2020,2.1,23293
407,21213,PACK OF 72 SKULL CAKE CASES,24,11/01/2020,0.55,74496
408,22417,PACK OF 60 SPACEBOY CAKE CASES,24,12/01/2020,0.55,72448
409,21212,PACK OF 72 RETROSPOT CAKE CASES,24,13/01/2020,0.55,31492
410,84992,72 SWEETHEART FAIRY CAKE CASES,24,14/01/2020,0.55,41733
411,21975,PACK OF 60 DINOSAUR CAKE CASES,24,15/01/2020,0.55,13061
412,22383,LUNCH BAG SUKI  DESIGN ,10,16/01/2020,1.65,17162
413,20728,LUNCH BAG CARS BLUE,10,17/01/2020,1.65,27403
414,20727,LUNCH BAG  BLACK SKULL.,10,18/01/2020,1.65,43794
415,22296,HEART IVORY TRELLIS LARGE,24,19/01/2020,1.65,33555
416,20914,SET/5 RED RETROSPOT LID GLASS BOWLS,128,20/01/2020,2.55,29460
417,85123A,WHITE HANGING HEART T-LIGHT HOLDER,8,21/01/2020,2.55,31510
418,71053,WHITE METAL LANTERN,8,22/01/2020,3.39,29471
419,84406B,CREAM CUPID HEARTS COAT HANGER,8,23/01/2020,2.75,19231
420,20679,EDWARDIAN PARASOL RED,6,24/01/2020,4.95,49956
421,37370,RETRO COFFEE MUGS ASSORTED,6,25/01/2020,1.06,43812
422,21871,SAVE THE PLANET MUG,6,26/01/2020,1.06,74537
423,21071,VINTAGE BILLBOARD DRINK ME MUG,6,27/01/2020,1.06,19242
424,21068,VINTAGE BILLBOARD LOVE/HATE MUG,6,28/01/2020,1.06,19244
425,82483,WOOD 2 DRAWER CABINET WHITE FINISH,4,29/01/2020,4.95,29484
426,82486,WOOD S/3 CABINET ANT WHITE FINISH,4,30/01/2020,6.95,37679
427,82482,WOODEN PICTURE FRAME WHITE FINISH,6,31/01/2020,2.1,37680
428,82494L,WOODEN FRAME ANTIQUE WHITE ,6,01/02/2020,2.55,39732
429,84029G,KNITTED UNION FLAG HOT WATER BOTTLE,6,02/02/2020,3.39,99124
430,84029E,RED WOOLLY HOTTIE WHITE HEART.,6,03/02/2020,3.39,90934
431,22752,SET 7 BABUSHKA NESTING BOXES,2,04/02/2020,7.65,11068
432,22803,IVORY EMBROIDERED QUILT ,2,05/02/2020,35.75,37693
433,21730,GLASS STAR FROSTED T-LIGHT HOLDER,6,06/02/2020,4.25,21312
434,22632,HAND WARMER RED POLKA DOT,6,07/02/2020,1.85,37705
435,22633,HAND WARMER UNION JACK,6,08/02/2020,1.85,84813
436,22537,MAGIC DRAWING SLATE DINOSAUR,24,09/02/2020,0.42,52045
437,22533,MAGIC DRAWING SLATE BAKE A CAKE ,24,10/02/2020,0.42,43855
438,20982,12 PENCILS TALL TUBE SKULLS,12,11/02/2020,0.85,97104
439,21832,CHOCOLATE CALCULATOR,12,12/02/2020,1.65,29521
440,21915,RED  HARMONICA IN BOX ,12,13/02/2020,1.25,43857
441,21914,BLUE HARMONICA IN BOX ,12,14/02/2020,1.25,54098
442,21544,SKULLS  WATER TRANSFER TATTOOS ,12,15/02/2020,0.85,72531
443,22813,PACK 3 BOXES BIRD PANNETONE ,12,16/02/2020,1.95,19289
444,22114,HOT WATER BOTTLE TEA AND SYMPATHY,4,17/02/2020,3.95,25441
445,84029E,RED WOOLLY HOTTIE WHITE HEART.,4,18/02/2020,3.75,29543
446,21479,WHITE SKULL HOT WATER BOTTLE ,4,19/02/2020,3.75,29548
447,22964,3 PIECE SPACEBOY COOKIE CUTTER SET,6,20/02/2020,2.1,72559
448,84375,SET OF 20 KIDS COOKIE CUTTERS,12,21/02/2020,2.1,62321
449,22418,10 COLOUR SPACEBOY PEN,24,22/02/2020,0.85,88950
450,22178,VICTORIAN GLASS HANGING T-LIGHT,12,23/02/2020,1.25,72567
451,84970L,SINGLE HEART ZINC T-LIGHT HOLDER,12,24/02/2020,0.95,52089
452,21733,RED HANGING HEART T-LIGHT HOLDER,6,25/02/2020,2.95,31611
453,22465,HANGING METAL STAR LANTERN,12,26/02/2020,1.65,99195
454,84949,SILVER HANGING T-LIGHT HOLDER,6,27/02/2020,1.65,60285
455,20685,DOORMAT RED RETROSPOT,2,28/02/2020,7.95,37758
456,48194,DOORMAT HEARTS,2,29/02/2020,7.95,80771
457,22488,NATURAL SLATE RECTANGLE CHALKBOARD,12,01/03/2020,1.65,52101
458,22219,LOVEBIRD HANGING DECORATION WHITE ,12,02/03/2020,0.85,31622
459,84879,ASSORTED COLOUR BIRD ORNAMENT,8,03/03/2020,1.69,99208
460,21754,HOME BUILDING BLOCK WORD,3,04/03/2020,5.95,29579
461,21755,LOVE BUILDING BLOCK WORD,3,05/03/2020,5.95,39820
462,22766,PHOTO FRAME CORNICE,8,06/03/2020,2.95,80780
463,22610,PENS ASSORTED FUNNY FACE,36,07/03/2020,0.85,35728
464,22716,CARD CIRCUS PARADE,12,08/03/2020,0.42,56209
465,22706,WRAP COWBOYS  ,25,09/03/2020,0.42,48018
466,22371,AIRLINE BAG VINTAGE TOKYO 78,4,10/03/2020,4.25,37778
467,85014B,RED RETROSPOT UMBRELLA,3,11/03/2020,5.95,17300
468,85014A,BLACK/BLUE POLKADOT UMBRELLA,3,12/03/2020,5.95,60308
469,84997B,RED 3 PIECE RETROSPOT CUTLERY SET,6,13/03/2020,3.75,95126
470,21212,PACK OF 72 RETROSPOT CAKE CASES,24,14/03/2020,0.55,97176
471,21210,SET OF 72 RETROSPOT PAPER  DOILIES,12,15/03/2020,1.45,86937
472,22914,BLUE COAT RACK PARIS FASHION,3,16/03/2020,4.95,15258
473,22553,PLASTERS IN TIN SKULLS,12,17/03/2020,1.65,15256
474,16237,SLEEPING CAT ERASERS,30,18/03/2020,0.21,58266
475,22714,CARD BIRTHDAY COWBOY,12,19/03/2020,0.42,97181
476,22812,PACK 3 BOXES CHRISTMAS PANNETONE,12,20/03/2020,1.95,23448
477,84347,ROTATING SILVER ANGELS T-LIGHT HLDR,6,21/03/2020,2.55,74656
478,21587,COSY HOUR GIANT TUBE MATCHES,12,22/03/2020,2.55,84896
479,22736,RIBBON REEL MAKING SNOWMEN ,10,23/03/2020,1.65,62376
480,22492,MINI PAINT SET VINTAGE ,36,24/03/2020,0.65,45993
481,22620,4 TRADITIONAL SPINNING TOPS,12,25/03/2020,1.25,27563
482,22619,SET OF 6 SOLDIER SKITTLES,4,26/03/2020,3.75,39852
483,21705,BAG 500g SWIRLY MARBLES,12,27/03/2020,1.65,37803
484,90199C,5 STRAND GLASS NECKLACE CRYSTAL,3,28/03/2020,6.35,82864
485,21479,WHITE SKULL HOT WATER BOTTLE ,1,29/03/2020,3.75,73865
486,22111,SCOTTIE DOG HOT WATER BOTTLE,1,30/03/2020,4.95,84914
487,22785,SQUARECUSHION COVER PINK UNION FLAG,1,31/03/2020,6.75,52149
488,22975,SPACEBOY CHILDRENS EGG CUP,1,01/04/2020,1.25,56246
489,22972,CHILDREN'S SPACEBOY MUG,1,02/04/2020,1.65,72630
490,22866,HAND WARMER SCOTTY DOG DESIGN,1,03/04/2020,2.1,15291
491,22568,FELTCRAFT CUSHION OWL,1,04/04/2020,3.75,48061
492,85116,BLACK CANDELABRA T-LIGHT HOLDER,1,05/04/2020,2.1,78782
493,22664,TOY TIDY DOLLY GIRL DESIGN,1,06/04/2020,2.1,54209
494,21609,SET 12 LAVENDER  BOTANICAL T-LIGHTS,1,07/04/2020,2.95,29633
495,21866,UNION JACK FLAG LUGGAGE TAG,1,08/04/2020,1.25,84931
496,20669,RED HEART LUGGAGE TAG,1,09/04/2020,1.25,33730
497,90129F,RED GLASS TASSLE BAG CHARM,1,10/04/2020,2.95,68551
498,90210B,CLEAR ACRYLIC FACETED BANGLE,1,11/04/2020,2.95,54217
499,90199C,5 STRAND GLASS NECKLACE CRYSTAL,1,12/04/2020,6.35,68554
500,21955,DOORMAT UNION JACK GUNS AND ROSES,1,13/04/2020,7.95,23499
501,72802C,VANILLA SCENT CANDLE JEWELLED BOX,1,14/04/2020,4.25,39884
502,22109,FULL ENGLISH BREAKFAST PLATE,1,15/04/2020,3.75,60371
503,85116,BLACK CANDELABRA T-LIGHT HOLDER,5,16/04/2020,2.1,70614
504,22531,MAGIC DRAWING SLATE CIRCUS PARADE  ,1,17/04/2020,0.42,91097
505,21811,CHRISTMAS HANGING HEART WITH BELL,1,18/04/2020,1.25,19420
506,22183,CAKE STAND VICTORIAN FILIGREE MED,1,19/04/2020,6.75,48093
507,21678,PAISLEY PATTERN  STICKERS,6,20/04/2020,0.85,46046
508,21676,FLOWERS  STICKERS,6,21/04/2020,0.85,19423
509,84625A,PINK NEW BAROQUECANDLESTICK CANDLE,1,22/04/2020,2.95,99295
510,84625C,BLUE NEW BAROQUE CANDLESTICK CANDLE,3,23/04/2020,2.95,35809
511,21931,JUMBO STORAGE BAG SUKI,2,24/04/2020,1.95,23521
512,85169B,BLACK LOVE BIRD CANDLE,12,25/04/2020,1.25,33763
513,16238,PARTY TIME PENCIL ERASERS,28,26/04/2020,0.21,33762
514,20668,DISCO BALL CHRISTMAS DECORATION,24,27/04/2020,0.12,80867
515,84906,PINK B'FLY C/COVER W BOBBLES,1,28/04/2020,5.95,93158
516,21867,PINK UNION JACK  LUGGAGE TAG,1,29/04/2020,1.25,41957
517,22075,6 RIBBONS ELEGANT CHRISTMAS ,1,30/04/2020,1.65,33776
518,21866,UNION JACK FLAG LUGGAGE TAG,1,01/05/2020,1.25,52211
519,21326,AGED GLASS SILVER T-LIGHT HOLDER,12,02/05/2020,0.65,48117
520,21065,BOOM BOX SPEAKER GIRLS,1,03/05/2020,5.95,33783
521,22074,6 RIBBONS SHIMMERING PINKS ,1,04/05/2020,1.65,31736
522,22900, SET 2 TEA TOWELS I LOVE LONDON ,1,05/05/2020,2.95,72697
523,20713,JUMBO BAG OWLS,1,06/05/2020,1.95,39930
524,20966,SANDWICH BATH SPONGE,2,07/05/2020,1.25,48122
525,21116,OWL DOORSTOP,1,08/05/2020,4.95,13309
526,90199C,5 STRAND GLASS NECKLACE CRYSTAL,2,09/05/2020,6.35,62462
527,22633,HAND WARMER UNION JACK,1,10/05/2020,2.1,80897
528,22866,HAND WARMER SCOTTY DOG DESIGN,1,11/05/2020,2.1,48132
529,22198,LARGE POPCORN HOLDER ,1,12/05/2020,1.65,56329
530,21824,PAINTED METAL STAR WITH HOLLY BELLS,3,13/05/2020,1.45,52236
531,21823,PAINTED METAL HEART WITH HOLLY BELL,3,14/05/2020,1.45,21516
532,22153,ANGEL DECORATION STARS ON DRESS,6,15/05/2020,0.42,72720
533,22197,SMALL POPCORN HOLDER,2,16/05/2020,0.85,35857
534,85099B,JUMBO BAG RED RETROSPOT,2,17/05/2020,1.95,42004
535,85099F,JUMBO BAG STRAWBERRY,1,18/05/2020,1.95,31765
536,20717,STRAWBERRY SHOPPER BAG,1,19/05/2020,1.25,64536
537,20723,STRAWBERRY CHARLOTTE BAG,1,20/05/2020,0.85,72732
538,22900, SET 2 TEA TOWELS I LOVE LONDON ,1,21/05/2020,2.95,33827
539,21980,PACK OF 12 RED RETROSPOT TISSUES ,12,22/05/2020,0.29,93219
540,22111,SCOTTIE DOG HOT WATER BOTTLE,1,23/05/2020,4.95,48166
541,22112,CHOCOLATE HOT WATER BOTTLE,1,24/05/2020,4.95,27686
542,20728,LUNCH BAG CARS BLUE,3,25/05/2020,1.65,39974
543,22382,LUNCH BAG SPACEBOY DESIGN ,3,26/05/2020,1.65,21547
544,22326,ROUND SNACK BOXES SET OF4 WOODLAND ,1,27/05/2020,2.95,91179
545,22662,LUNCH BAG DOLLY GIRL DESIGN,4,28/05/2020,1.65,37934
546,22383,LUNCH BAG SUKI  DESIGN ,3,29/05/2020,1.65,76850
547,20727,LUNCH BAG  BLACK SKULL.,3,30/05/2020,1.65,87091
548,22328,ROUND SNACK BOXES SET OF 4 FRUITS ,1,31/05/2020,2.95,60469
549,22327,ROUND SNACK BOXES SET OF 4 SKULLS,1,01/06/2020,2.95,62518
550,22630,DOLLY GIRL LUNCH BOX,1,02/06/2020,1.95,23605
551,22629,SPACEBOY LUNCH BOX ,1,03/06/2020,1.95,29753
552,21245,GREEN POLKADOT PLATE ,1,04/06/2020,1.69,31808
553,21244,BLUE POLKADOT PLATE ,1,05/06/2020,1.69,44098
554,21242,RED RETROSPOT PLATE ,1,06/06/2020,1.69,50250
555,21243,PINK  POLKADOT PLATE ,1,07/06/2020,1.69,89165
556,22327,ROUND SNACK BOXES SET OF 4 SKULLS,1,08/06/2020,2.95,15437
557,22273,FELTCRAFT DOLL MOLLY,1,09/06/2020,2.95,85075
558,22940,FELTCRAFT CHRISTMAS FAIRY,3,10/06/2020,4.25,74839
559,22652,TRAVEL SEWING KIT,5,11/06/2020,1.65,15455
560,22759,SET OF 3 NOTEBOOKS IN PARCEL,1,12/06/2020,1.65,25702
561,21880,RED RETROSPOT TAPE,10,13/06/2020,0.65,33895
562,21738,COSY SLIPPER SHOES SMALL  RED ,1,14/06/2020,2.95,29798
563,22077,6 RIBBONS RUSTIC CHARM,1,15/06/2020,1.65,33897
564,85049E,SCANDINAVIAN REDS RIBBONS,3,16/06/2020,1.25,83052
565,22961,JAM MAKING SET PRINTED,24,17/06/2020,1.45,70767
566,21448,12 DAISY PEGS IN WOOD BOX,2,18/06/2020,1.65,95343
567,22837,HOT WATER BOTTLE BABUSHKA ,3,19/06/2020,4.65,66672
568,22749,FELTCRAFT PRINCESS CHARLOTTE DOLL,2,20/06/2020,3.75,15474
569,22940,FELTCRAFT CHRISTMAS FAIRY,1,21/06/2020,4.25,44151
570,22749,FELTCRAFT PRINCESS CHARLOTTE DOLL,1,22/06/2020,3.75,72824
571,22077,6 RIBBONS RUSTIC CHARM,2,23/06/2020,1.65,85112
572,21738,COSY SLIPPER SHOES SMALL  RED ,2,24/06/2020,2.95,99451
573,85049E,SCANDINAVIAN REDS RIBBONS,1,25/06/2020,1.25,70780
574,22243,5 HOOK HANGER RED MAGIC TOADSTOOL,6,26/06/2020,1.65,19583
575,22141,CHRISTMAS CRAFT TREE TOP ANGEL,1,27/06/2020,2.1,13439
576,22144,CHRISTMAS CRAFT LITTLE FRIENDS,2,28/06/2020,2.1,38018
577,22243,5 HOOK HANGER RED MAGIC TOADSTOOL,3,29/06/2020,1.65,78980
578,22077,6 RIBBONS RUSTIC CHARM,7,30/06/2020,1.65,23686
579,21448,12 DAISY PEGS IN WOOD BOX,1,01/07/2020,1.65,95366
580,22759,SET OF 3 NOTEBOOKS IN PARCEL,5,02/07/2020,1.65,40072
581,22242,5 HOOK HANGER MAGIC TOADSTOOL,5,03/07/2020,1.65,76937
582,85049E,SCANDINAVIAN REDS RIBBONS,12,04/07/2020,1.25,91275
583,21731,RED TOADSTOOL LED NIGHT LIGHT,5,05/07/2020,1.65,95371
584,22243,5 HOOK HANGER RED MAGIC TOADSTOOL,1,06/07/2020,1.65,58511
585,21739,COSY SLIPPER SHOES SMALL GREEN,2,07/07/2020,2.95,85138
586,21738,COSY SLIPPER SHOES SMALL  RED ,5,08/07/2020,2.95,27796
587,22271,FELTCRAFT DOLL ROSIE,2,09/07/2020,2.95,91286
588,22273,FELTCRAFT DOLL MOLLY,1,10/07/2020,2.95,54423
589,22274,FELTCRAFT DOLL EMILY,2,11/07/2020,2.95,85145
590,22749,FELTCRAFT PRINCESS CHARLOTTE DOLL,1,12/07/2020,3.75,83098
591,22751,FELTCRAFT PRINCESS OLIVIA DOLL,2,13/07/2020,3.75,70810
592,21034,REX CASH+CARRY JUMBO SHOPPER,1,14/07/2020,0.95,83101
593,22273,FELTCRAFT DOLL MOLLY,2,15/07/2020,2.95,91297
594,22568,FELTCRAFT CUSHION OWL,3,16/07/2020,3.75,15522
595,22141,CHRISTMAS CRAFT TREE TOP ANGEL,1,17/07/2020,2.1,93346
596,22144,CHRISTMAS CRAFT LITTLE FRIENDS,1,18/07/2020,2.1,46243
597,22570,FELTCRAFT CUSHION RABBIT,3,19/07/2020,3.75,50341
598,22569,FELTCRAFT CUSHION BUTTERFLY,2,20/07/2020,3.75,36003
599,21448,12 DAISY PEGS IN WOOD BOX,1,21/07/2020,1.65,62639
600,22086,PAPER CHAIN KIT 50'S CHRISTMAS ,1,22/07/2020,2.95,11442
601,22569,FELTCRAFT CUSHION BUTTERFLY,2,23/07/2020,3.75,76981
602,21448,12 DAISY PEGS IN WOOD BOX,2,24/07/2020,1.65,79029
603,22968,ROSE COTTAGE KEEPSAKE BOX ,4,25/07/2020,9.95,68795
604,22902,TOTE BAG I LOVE LONDON,7,26/07/2020,2.1,72896
605,21448,12 DAISY PEGS IN WOOD BOX,2,27/07/2020,1.65,42177
606,22902,TOTE BAG I LOVE LONDON,7,28/07/2020,2.1,29889
607,21710,FOLDING UMBRELLA PINKWHITE POLKADOT,1,29/07/2020,4.95,13508
608,21708,FOLDING UMBRELLA CREAM POLKADOT,1,30/07/2020,4.95,25796
609,21711,FOLDING UMBRELLA WHITE/RED POLKADOT,1,31/07/2020,4.95,50372
610,22179,SET 10 LIGHTS NIGHT OWL,2,01/08/2020,6.75,19654
611,22197,SMALL POPCORN HOLDER,5,02/08/2020,0.85,21700
612,22900, SET 2 TEA TOWELS I LOVE LONDON ,2,03/08/2020,2.95,83154
613,21706,FOLDING UMBRELLA RED/WHITE POLKADOT,1,04/08/2020,4.95,56530
614,22468,BABUSHKA LIGHTS STRING OF 10,2,05/08/2020,6.75,60632
615,20725,LUNCH BAG RED RETROSPOT,1,06/08/2020,1.65,72922
616,85184C,S/4 VALENTINE DECOUPAGE HEART BOX,1,07/08/2020,2.95,77020
617,21708,FOLDING UMBRELLA CREAM POLKADOT,1,08/08/2020,4.95,21726
618,22900, SET 2 TEA TOWELS I LOVE LONDON ,2,09/08/2020,2.95,23775
619,21706,FOLDING UMBRELLA RED/WHITE POLKADOT,1,10/08/2020,4.95,74978
620,22988,SOLDIERS EGG CUP ,6,11/08/2020,1.25,74979
621,85184C,S/4 VALENTINE DECOUPAGE HEART BOX,1,12/08/2020,2.95,34018
622,20750,RED RETROSPOT MINI CASES,1,13/08/2020,7.95,93413
623,22139,,56,14/08/2020,0,42216
624,22952,60 CAKE CASES VINTAGE CHRISTMAS,10,15/08/2020,0.55,72936
625,22910,PAPER CHAIN KIT VINTAGE CHRISTMAS,5,16/08/2020,2.95,36077
626,22739,RIBBON REEL CHRISTMAS SOCK BAUBLE,3,17/08/2020,1.65,15599
627,22738,RIBBON REEL SNOWY VILLAGE,3,18/08/2020,1.65,81136
628,22736,RIBBON REEL MAKING SNOWMEN ,3,19/08/2020,1.65,54513
629,22909,SET OF 20 VINTAGE CHRISTMAS NAPKINS,5,20/08/2020,0.85,62706
630,35591T,TURQUOISE CHRISTMAS TREE ,2,21/08/2020,1.25,95476
631,22186,RED STAR CARD HOLDER,5,22/08/2020,2.95,97525
632,22695,WICKER WREATH SMALL,3,23/08/2020,1.45,64758
633,22470,HEART OF WICKER LARGE,1,24/08/2020,2.95,27897
634,22580,ADVENT CALENDAR GINGHAM SACK,1,25/08/2020,5.95,25850
635,22469,HEART OF WICKER SMALL,5,26/08/2020,1.65,99580
636,22147,FELTCRAFT BUTTERFLY HEARTS,4,27/08/2020,1.45,83196
637,22130,PARTY CONE CHRISTMAS DECORATION ,6,28/08/2020,0.85,70911
638,21791,VINTAGE HEADS AND TAILS CARD GAME ,3,29/08/2020,1.25,13567
639,22694,WICKER STAR ,5,30/08/2020,2.1,52481
640,21790,VINTAGE SNAP CARDS,3,31/08/2020,0.85,23810
641,22149,FELTCRAFT 6 FLOWER FRIENDS,4,01/09/2020,2.1,21762
642,22900, SET 2 TEA TOWELS I LOVE LONDON ,3,02/09/2020,2.95,56581
643,22961,JAM MAKING SET PRINTED,3,03/09/2020,1.45,40201
644,22321,BIRD DECORATION RED RETROSPOT,12,04/09/2020,0.85,77069
645,22594,CHRISTMAS GINGHAM TREE,5,05/09/2020,0.85,68879
646,22593,CHRISTMAS GINGHAM STAR,4,06/09/2020,0.85,50448
647,22595,CHRISTMAS GINGHAM HEART,6,07/09/2020,0.85,56592
648,21986,PACK OF 12 PINK POLKADOT TISSUES,12,08/09/2020,0.29,81176
649,22750,FELTCRAFT PRINCESS LOLA DOLL,2,09/09/2020,3.75,48411
650,22616,PACK OF 12 LONDON TISSUES ,12,10/09/2020,0.29,99612
651,22775,PURPLE DRAWERKNOB ACRYLIC EDWARDIAN,1,11/09/2020,1.25,54561
652,22899,CHILDREN'S APRON DOLLY GIRL ,2,12/09/2020,2.1,54562
653,22367,CHILDRENS APRON SPACEBOY DESIGN,3,13/09/2020,1.95,81189
654,22942,CHRISTMAS LIGHTS 10 SANTAS ,3,14/09/2020,8.5,32038
655,22941,CHRISTMAS LIGHTS 10 REINDEER,3,15/09/2020,8.5,83247
656,22086,PAPER CHAIN KIT 50'S CHRISTMAS ,6,16/09/2020,2.95,40243
657,22940,FELTCRAFT CHRISTMAS FAIRY,2,17/09/2020,4.25,91443
658,21212,PACK OF 72 RETROSPOT CAKE CASES,2,18/09/2020,0.55,32053
659,21976,PACK OF 60 MUSHROOM CAKE CASES,2,19/09/2020,0.55,21813
660,22951,60 CAKE CASES DOLLY GIRL DESIGN,2,20/09/2020,0.55,91447
661,21977,PACK OF 60 PINK PAISLEY CAKE CASES,3,21/09/2020,0.55,23861
662,22834,HAND WARMER BABUSHKA DESIGN,3,22/09/2020,2.1,75064
663,22867,HAND WARMER BIRD DESIGN,3,23/09/2020,2.1,62778
664,22865,HAND WARMER OWL DESIGN,3,24/09/2020,2.1,83259
665,22632,HAND WARMER RED RETROSPOT,3,25/09/2020,2.1,70973
666,21916,SET 12 RETRO WHITE CHALK STICKS,2,26/09/2020,0.42,81213
667,22587,FELTCRAFT HAIRBAND RED AND BLUE,4,27/09/2020,0.85,91453
668,22566,FELTCRAFT HAIRBAND PINK AND PURPLE,3,28/09/2020,0.85,70977
669,22565,FELTCRAFT HAIRBANDS PINK AND WHITE ,3,29/09/2020,0.85,73026
670,22472,TV DINNER TRAY DOLLY GIRL,2,30/09/2020,4.95,40257
671,22557,PLASTERS IN TIN VINTAGE PAISLEY ,3,01/10/2020,1.65,40258
672,22551,PLASTERS IN TIN SPACEBOY,3,02/10/2020,1.65,79173
673,22554,PLASTERS IN TIN WOODLAND ANIMALS,3,03/10/2020,1.65,48454
674,22534,MAGIC DRAWING SLATE SPACEBOY ,3,04/10/2020,0.42,95559
675,22531,MAGIC DRAWING SLATE CIRCUS PARADE  ,3,05/10/2020,0.42,50504
676,22529,MAGIC DRAWING SLATE GO TO THE FAIR ,3,06/10/2020,0.42,48457
677,22530,MAGIC DRAWING SLATE DOLLY GIRL ,3,07/10/2020,0.42,23881
678,84032B,CHARLIE + LOLA RED HOT WATER BOTTLE,3,08/10/2020,2.95,81226
679,22837,HOT WATER BOTTLE BABUSHKA ,3,09/10/2020,4.65,23886
680,85049H,URBAN BLACK RIBBONS ,2,10/10/2020,1.25,21843
681,22749,FELTCRAFT PRINCESS CHARLOTTE DOLL,2,11/10/2020,3.75,97623
682,22807,SET OF 6 T-LIGHTS TOADSTOOLS,12,12/10/2020,2.95,79193
683,21494,ROTATING LEAVES T-LIGHT HOLDER,12,13/10/2020,1.25,83290
684,21915,RED  HARMONICA IN BOX ,72,14/10/2020,1.25,46428
685,22938,CUPCAKE LACE PAPER SET 6,12,15/10/2020,1.95,36189
686,22768,FAMILY PHOTO FRAME CORNICE,4,16/10/2020,9.95,60765
687,22767,TRIPLE PHOTO FRAME CORNICE ,4,17/10/2020,9.95,68957
688,82494L,WOODEN FRAME ANTIQUE WHITE ,6,18/10/2020,2.95,93536
689,21889,WOODEN BOX OF DOMINOES,12,19/10/2020,1.25,15714
690,21892,TRADITIONAL WOODEN CATCH CUP GAME ,12,20/10/2020,1.25,11623
691,21891,TRADITIONAL WOODEN SKIPPING ROPE,12,21/10/2020,1.25,64874
692,21890,S/6 WOODEN SKITTLES IN COTTON BAG,6,22/10/2020,2.95,32106
693,21718,RED METAL BEACH SPADE ,12,23/10/2020,1.25,56684
694,21716,BOYS VINTAGE TIN SEASIDE BUCKET,8,24/10/2020,2.55,52593
695,21715,GIRLS VINTAGE TIN SEASIDE BUCKET,8,25/10/2020,2.55,21874
696,22113,GREY HEART HOT WATER BOTTLE,4,26/10/2020,3.75,38261
697,22111,SCOTTIE DOG HOT WATER BOTTLE,3,27/10/2020,4.95,93559
698,22110,BIRD HOUSE HOT WATER BOTTLE,6,28/10/2020,2.55,52600
699,22358,KINGS CHOICE TEA CADDY ,6,29/10/2020,2.95,68985
700,22357,KINGS CHOICE BISCUIT TIN,4,30/10/2020,4.25,25978
701,22115,METAL SIGN EMPIRE TEA,6,31/10/2020,2.95,95611
702,22969,HOMEMADE JAM SCENTED CANDLES,12,01/11/2020,1.45,89468
703,22619,SET OF 6 SOLDIER SKITTLES,4,02/11/2020,3.75,91517
704,21481,FAWN BLUE HOT WATER BOTTLE,6,03/11/2020,2.95,93566
705,22632,HAND WARMER RED RETROSPOT,12,04/11/2020,2.1,81281
706,22837,HOT WATER BOTTLE BABUSHKA ,8,05/11/2020,4.65,15748
707,21479,WHITE SKULL HOT WATER BOTTLE ,8,06/11/2020,3.75,15749
708,21485,RETROSPOT HEART HOT WATER BOTTLE,8,07/11/2020,4.95,40326
709,84029E,RED WOOLLY HOTTIE WHITE HEART.,8,08/11/2020,3.75,48521
710,22111,SCOTTIE DOG HOT WATER BOTTLE,16,09/11/2020,4.95,36234
711,22113,GREY HEART HOT WATER BOTTLE,8,10/11/2020,3.75,91530
712,22837,HOT WATER BOTTLE BABUSHKA ,8,11/11/2020,4.65,66953
713,22585,PACK OF 6 BIRDY GIFT TAGS,12,12/11/2020,1.25,15757
714,79321,CHILLI LIGHTS,8,13/11/2020,4.95,97673
715,22637,PIGGY BANK RETROSPOT ,12,14/11/2020,2.55,83346
716,21556,CERAMIC STRAWBERRY MONEY BOX,6,15/11/2020,2.55,64916
717,22646,CERAMIC STRAWBERRY CAKE MONEY BANK,12,16/11/2020,1.45,66975
718,22644,CERAMIC CHERRY CAKE MONEY BANK,12,17/11/2020,1.45,83360
719,22645,CERAMIC HEART FAIRY CAKE MONEY BANK,12,18/11/2020,1.45,32162
720,22650,CERAMIC PIRATE CHEST MONEY BANK,12,19/11/2020,1.45,79270
721,22508,DOORSTOP RETROSPOT HEART,8,20/11/2020,3.75,32170
722,21411,GINGHAM HEART  DOORSTOP RED,3,21/11/2020,4.25,87468
723,22511,RETROSPOT BABUSHKA DOORSTOP,4,22/11/2020,3.75,77228
724,22451,SILK PURSE BABUSHKA RED,6,23/11/2020,3.35,73136
725,22449,SILK PURSE BABUSHKA PINK,6,24/11/2020,3.35,93617
726,22768,FAMILY PHOTO FRAME CORNICE,2,25/11/2020,9.95,97715
727,22829,SWEETHEART WIRE WALL TIDY,2,26/11/2020,9.95,81332
728,22961,JAM MAKING SET PRINTED,12,27/11/2020,1.45,75189
729,21154,RED RETROSPOT OVEN GLOVE ,200,28/11/2020,1.06,66995
730,22189,CREAM HEART CARD HOLDER,72,29/11/2020,3.39,89527
731,17021,NAMASTE SWAGAT INCENSE,600,30/11/2020,0.24,56762
732,22059,CERAMIC STRAWBERRY DESIGN MUG,48,01/12/2020,1.25,46523
733,22188,BLACK HEART CARD HOLDER,36,02/12/2020,3.39,67004
734,84678,CLASSICAL ROSE SMALL VASE,48,03/12/2020,1.25,93628
735,85172,HYACINTH BULB T-LIGHT CANDLES,32,04/12/2020,0.42,85438
736,22142,CHRISTMAS CRAFT WHITE FAIRY ,2,05/12/2020,1.45,60863
737,22144,CHRISTMAS CRAFT LITTLE FRIENDS,2,06/12/2020,2.1,30148
738,21591,COSY HOUR CIGAR BOX MATCHES ,6,07/12/2020,1.25,56774
739,22480,RED TEA TOWEL CLASSIC DESIGN,12,08/12/2020,1.25,73159
740,22294,HEART FILIGREE DOVE  SMALL,48,09/12/2020,1.25,64970
741,21156,RETROSPOT CHILDRENS APRON,1,10/12/2020,1.95,93643
742,10133,COLOURING PENCILS BROWN TUBE,5,11/12/2020,0.85,15820
743,72800E,4 IVORY DINNER CANDLES SILVER FLOCK,6,12/12/2020,2.55,52685
744,22294,HEART FILIGREE DOVE  SMALL,24,13/12/2020,1.25,34254
745,84836,ZINC METAL HEART DECORATION,12,14/12/2020,1.25,71118
746,20774,GREEN FERN NOTEBOOK,2,15/12/2020,1.65,52684
747,20773,BLUE PAISLEY NOTEBOOK,2,16/12/2020,1.65,60881
748,20777,CHRYSANTHEMUM NOTEBOOK,2,17/12/2020,1.65,91594
749,16016,LARGE CHINESE STYLE SCISSOR,10,18/12/2020,0.85,58837
750,16014,SMALL CHINESE STYLE SCISSOR,10,19/12/2020,0.42,79319
751,21890,S/6 WOODEN SKITTLES IN COTTON BAG,2,20/12/2020,2.95,89561
752,21891,TRADITIONAL WOODEN SKIPPING ROPE,2,21/12/2020,1.25,93660
753,22619,SET OF 6 SOLDIER SKITTLES,8,22/12/2020,3.75,85473
754,22620,4 TRADITIONAL SPINNING TOPS,6,23/12/2020,1.25,93666
755,84347,ROTATING SILVER ANGELS T-LIGHT HLDR,12,24/12/2020,2.55,48617
756,85169B,BLACK LOVE BIRD CANDLE,24,25/12/2020,1.25,13805
757,21156,RETROSPOT CHILDRENS APRON,3,26/12/2020,1.95,75246
758,21651,HANGING GLASS ETCHED TEALIGHT,6,27/12/2020,1.65,13807
759,21651,HANGING GLASS ETCHED TEALIGHT,6,28/12/2020,1.65,87537
760,84625C,BLUE NEW BAROQUE CANDLESTICK CANDLE,10,29/12/2020,2.95,40445
761,22618,COOKING SET RETROSPOT,2,30/12/2020,9.95,17918
762,21586,KINGS CHOICE GIANT TUBE MATCHES,4,31/12/2020,2.55,19968
763,21587,COSY HOUR GIANT TUBE MATCHES,4,01/01/2021,2.55,42497
764,22152,PLACE SETTING WHITE STAR,24,02/01/2021,0.42,32263
765,85172,HYACINTH BULB T-LIGHT CANDLES,16,03/01/2021,0.42,87561
766,84754,S/15 SILVER GLASS BAUBLES IN BAG,24,04/01/2021,1.25,77322
767,22670,FRENCH WC SIGN BLUE METAL,12,05/01/2021,1.25,46605
768,21586,KINGS CHOICE GIANT TUBE MATCHES,12,06/01/2021,2.55,69133
769,84992,72 SWEETHEART FAIRY CAKE CASES,24,07/01/2021,0.55,46606
770,84879,ASSORTED COLOUR BIRD ORNAMENT,24,08/01/2021,1.69,69137
771,84849B,FAIRY SOAP SOAP HOLDER,12,09/01/2021,1.69,36369
772,22927,GREEN GIANT GARDEN THERMOMETER,2,10/01/2021,5.95,19991
773,22926,IVORY GIANT GARDEN THERMOMETER,4,11/01/2021,5.95,99866
774,22925,BLUE GIANT GARDEN THERMOMETER,2,12/01/2021,5.95,79395
775,21977,PACK OF 60 PINK PAISLEY CAKE CASES,24,13/01/2021,0.55,22055
776,21485,RETROSPOT HEART HOT WATER BOTTLE,6,14/01/2021,4.95,83504
777,21484,CHICK GREY HOT WATER BOTTLE,8,15/01/2021,3.45,26160
778,21259,VICTORIAN SEWING BOX SMALL ,2,16/01/2021,5.95,22065
779,21257,VICTORIAN SEWING BOX MEDIUM,2,17/01/2021,7.95,89650
780,21121,SET/10 RED POLKADOT PARTY CANDLES,24,18/01/2021,1.25,65076
781,82552,WASHROOM METAL SIGN,12,19/01/2021,1.45,34355
782,90200B,BLACK SWEETHEART BRACELET,2,20/01/2021,4.25,75321
783,90059B,DIAMANTE HAIR GRIP PACK/2 BLACK DIA,2,21/01/2021,1.65,69177
784,90185C,BLACK DIAMANTE EXPANDABLE RING,2,22/01/2021,4.25,65082
785,90059E,DIAMANTE HAIR GRIP PACK/2 RUBY,3,23/01/2021,1.65,20032
786,90059C,DIAMANTE HAIR GRIP PACK/2 MONTANA,1,24/01/2021,1.65,81475
787,90200C,BLUE SWEETHEART BRACELET,1,25/01/2021,4.25,20035
788,90200D,PINK SWEETHEART BRACELET,3,26/01/2021,4.25,36421
789,90200A,PURPLE SWEETHEART BRACELET,1,27/01/2021,4.25,65094
790,22386,JUMBO BAG PINK POLKADOT,1,28/01/2021,1.95,73290
791,85099B,JUMBO BAG RED RETROSPOT,1,29/01/2021,1.95,11851
792,84879,ASSORTED COLOUR BIRD ORNAMENT,8,30/01/2021,1.69,36427
793,22086,PAPER CHAIN KIT 50'S CHRISTMAS ,1,31/01/2021,2.95,34383
794,22737,RIBBON REEL CHRISTMAS PRESENT ,1,01/02/2021,1.65,36434
795,21260,FIRST AID TIN,1,02/02/2021,3.25,42580
796,22744,MAKE YOUR OWN MONSOON CARD KIT,2,03/02/2021,2.95,13910
797,21985,PACK OF 12 HEARTS DESIGN TISSUES ,1,04/02/2021,0.29,42582
798,21980,PACK OF 12 RED RETROSPOT TISSUES ,1,05/02/2021,0.29,95833
799,22988,SOLDIERS EGG CUP ,1,06/02/2021,1.25,67162
800,22297,HEART IVORY TRELLIS SMALL,1,07/02/2021,1.25,61017
801,22294,HEART FILIGREE DOVE  SMALL,1,08/02/2021,1.25,40546
802,22295,HEART FILIGREE DOVE LARGE,1,09/02/2021,1.65,43009
803,22813,PACK 3 BOXES BIRD PANNETONE ,2,10/02/2021,1.95,79874
804,22812,PACK 3 BOXES CHRISTMAS PANNETONE,6,11/02/2021,1.95,45061
805,22197,SMALL POPCORN HOLDER,5,12/02/2021,0.85,47110
806,21977,PACK OF 60 PINK PAISLEY CAKE CASES,1,13/02/2021,0.55,77834
807,22619,SET OF 6 SOLDIER SKITTLES,1,14/02/2021,3.75,55306
808,16258A,SWIRLY CIRCULAR RUBBERS IN BAG,1,15/02/2021,0.42,32781
809,21992,VINTAGE PAISLEY STATIONERY SET,1,16/02/2021,2.95,61453
810,22910,PAPER CHAIN KIT VINTAGE CHRISTMAS,1,17/02/2021,2.95,90129
811,21124,SET/10 BLUE POLKADOT PARTY CANDLES,1,18/02/2021,1.25,67602
812,22735,RIBBON REEL SOCKS AND MITTENS,2,19/02/2021,1.65,98324
813,22952,60 CAKE CASES VINTAGE CHRISTMAS,2,20/02/2021,0.55,24599
814,22945,CHRISTMAS METAL TAGS ASSORTED ,6,21/02/2021,0.85,88088
815,21816,CHRISTMAS TREE T-LIGHT HOLDER,2,22/02/2021,1.45,57369
816,21815,STAR  T-LIGHT HOLDER ,4,23/02/2021,1.45,63514
817,21814,HEART T-LIGHT HOLDER ,2,24/02/2021,1.45,75806
818,10125,MINI FUNKY DESIGN TAPES,2,25/02/2021,0.85,43040
819,22810,SET OF 6 T-LIGHTS SNOWMEN,1,26/02/2021,2.95,96291
820,22573,STAR WOODEN CHRISTMAS DECORATION,1,27/02/2021,0.85,84004
821,22577,WOODEN HEART CHRISTMAS SCANDINAVIAN,1,28/02/2021,0.85,71718
822,22603,CHRISTMAS RETROSPOT TREE WOOD,2,01/03/2021,0.85,51240
823,22809,SET OF 6 T-LIGHTS SANTA,1,02/03/2021,2.95,34860
824,20878,SET/9 CHRISTMAS T-LIGHTS SCENTED ,1,03/03/2021,1.25,43053
825,20866,BLUE ROSE FABRIC MIRROR,1,04/03/2021,1.25,45103
826,85095,THREE CANVAS LUGGAGE TAGS,1,05/03/2021,1.95,38961
827,22333,RETROSPOT PARTY BAG + STICKER SET,1,06/03/2021,1.65,20530
828,22557,PLASTERS IN TIN VINTAGE PAISLEY ,1,07/03/2021,1.65,65586
829,21584,RETROSPOT SMALL TUBE MATCHES,1,08/03/2021,1.65,77876
830,22866,HAND WARMER SCOTTY DOG DESIGN,1,09/03/2021,2.1,53303
831,22731,3D CHRISTMAS STAMPS STICKERS ,2,10/03/2021,1.25,30777
832,22866,HAND WARMER SCOTTY DOG DESIGN,1,11/03/2021,2.1,12345
833,22866,HAND WARMER SCOTTY DOG DESIGN,3,12/03/2021,2.1,77881
834,22558,CLOTHES PEGS RETROSPOT PACK 24 ,2,13/03/2021,1.49,28730
835,22956,36 FOIL HEART CAKE CASES,1,14/03/2021,2.1,81981
836,22945,CHRISTMAS METAL TAGS ASSORTED ,6,15/03/2021,0.85,92222
837,22582,PACK OF 6 SWEETIE GIFT BOXES,1,16/03/2021,2.55,32827
838,21212,PACK OF 72 RETROSPOT CAKE CASES,1,17/03/2021,0.55,53312
839,21212,PACK OF 72 RETROSPOT CAKE CASES,2,18/03/2021,0.55,30787
840,22585,PACK OF 6 BIRDY GIFT TAGS,3,19/03/2021,1.25,34883
841,21121,SET/10 RED POLKADOT PARTY CANDLES,1,20/03/2021,1.25,34886
842,21122,SET/10 PINK POLKADOT PARTY CANDLES,1,21/03/2021,1.25,73799
843,22759,SET OF 3 NOTEBOOKS IN PARCEL,1,22/03/2021,1.65,55367
844,21815,STAR  T-LIGHT HOLDER ,1,23/03/2021,1.45,65610
845,85231B,CINAMMON SET OF 9 T-LIGHTS,3,24/03/2021,0.85,77899
846,85231G,ORANGE SCENTED SET/9 T-LIGHTS,5,25/03/2021,0.85,22603
847,22082,RIBBON REEL STRIPES DESIGN ,5,26/03/2021,1.65,34894
848,22500,SET OF 2 TINS JARDIN DE PROVENCE,2,27/03/2021,4.95,38994
849,22742,MAKE YOUR OWN PLAYTIME CARD KIT,1,28/03/2021,2.95,34900
850,21329,DINOSAURS  WRITING SET ,1,29/03/2021,1.65,84055
851,21328,BALLOONS  WRITING SET ,1,30/03/2021,1.65,92249
852,21327,SKULLS WRITING SET ,1,31/03/2021,1.65,94300
853,21992,VINTAGE PAISLEY STATIONERY SET,1,01/04/2021,2.95,28765
854,21738,COSY SLIPPER SHOES SMALL  RED ,1,02/04/2021,2.95,43102
855,48173C,DOORMAT BLACK FLOCK ,1,03/04/2021,7.95,88158
856,85099C,JUMBO  BAG BAROQUE BLACK WHITE,1,04/04/2021,1.95,16488
857,22960,JAM MAKING SET WITH JARS,1,05/04/2021,4.25,75882
858,85231G,ORANGE SCENTED SET/9 T-LIGHTS,1,06/04/2021,0.85,20589
859,85231B,CINAMMON SET OF 9 T-LIGHTS,2,07/04/2021,0.85,63597
860,22866,HAND WARMER SCOTTY DOG DESIGN,1,08/04/2021,2.1,67695
861,72818,CHRISTMAS DECOUPAGE CANDLE,1,09/04/2021,0.85,96367
862,21814,HEART T-LIGHT HOLDER ,8,10/04/2021,1.45,63599
863,22441,GROW YOUR OWN BASIL IN ENAMEL MUG,1,11/04/2021,2.1,51313
864,22312,OFFICE MUG WARMER POLKADOT,1,12/04/2021,2.95,55411
865,22197,SMALL POPCORN HOLDER,6,13/04/2021,0.85,45175
866,22663,JUMBO BAG DOLLY GIRL DESIGN,1,14/04/2021,1.95,43128
867,22960,JAM MAKING SET WITH JARS,6,15/04/2021,4.25,71801
868,22961,JAM MAKING SET PRINTED,12,16/04/2021,1.45,77944
869,21314,SMALL GLASS HEART TRINKET POT,48,17/04/2021,1.85,30840
870,84029E,RED WOOLLY HOTTIE WHITE HEART.,24,18/04/2021,3.39,73852
871,21137,BLACK RECORD COVER FRAME,480,19/04/2021,3.39,63609
872,22041,"RECORD FRAME 7"" SINGLE SIZE ",48,20/04/2021,2.1,30843
873,20979,36 PENCILS TUBE RED RETROSPOT,16,21/04/2021,1.25,53376
874,20977,36 PENCILS TUBE WOODLAND,16,22/04/2021,1.25,67713
875,22619,SET OF 6 SOLDIER SKITTLES,4,23/04/2021,3.75,28800
876,22571,ROCKING HORSE RED CHRISTMAS ,96,24/04/2021,0.72,73860
877,22595,CHRISTMAS GINGHAM HEART,144,25/04/2021,0.72,80004
878,22593,CHRISTMAS GINGHAM STAR,144,26/04/2021,0.72,59526
879,22633,HAND WARMER UNION JACK,12,27/04/2021,2.1,96393
880,22632,HAND WARMER RED RETROSPOT,12,28/04/2021,2.1,57482
881,22423,REGENCY CAKESTAND 3 TIER,16,29/04/2021,10.95,92298
882,22411,JUMBO SHOPPER VINTAGE RED PAISLEY,10,30/04/2021,1.95,45193
883,22738,RIBBON REEL SNOWY VILLAGE,5,01/05/2021,1.65,73868
884,21621,VINTAGE UNION JACK BUNTING,1,02/05/2021,8.5,24718
885,22960,JAM MAKING SET WITH JARS,8,03/05/2021,4.25,77965
886,22082,RIBBON REEL STRIPES DESIGN ,5,04/05/2021,1.65,22672
887,47563A,RETRO LONGBOARD IRONING BOARD COVER,1,05/05/2021,3.75,51340
888,84558A,3D DOG PICTURE PLAYING CARDS,1,06/05/2021,2.95,67723
889,21592,RETROSPOT CIGAR BOX MATCHES ,1,07/05/2021,1.25,16532
890,20878,SET/9 CHRISTMAS T-LIGHTS SCENTED ,2,08/05/2021,1.25,49301
891,84347,ROTATING SILVER ANGELS T-LIGHT HLDR,1,09/05/2021,2.55,28822
892,84347,ROTATING SILVER ANGELS T-LIGHT HLDR,1,10/05/2021,2.55,84119
893,21577,SAVE THE PLANET COTTON TOTE BAG,1,11/05/2021,2.25,92312
894,22909,SET OF 20 VINTAGE CHRISTMAS NAPKINS,1,12/05/2021,0.85,75935
895,22087,PAPER BUNTING WHITE LACE,1,13/05/2021,2.95,39072
896,22651,GENTLEMAN SHIRT REPAIR KIT ,2,14/05/2021,0.85,20643
897,22713,CARD I LOVE LONDON ,12,15/05/2021,0.42,37027
898,22910,PAPER CHAIN KIT VINTAGE CHRISTMAS,1,16/05/2021,2.95,32935
899,21370,MIRRORED WALL ART FOXY,2,17/05/2021,6.35,37033
900,21367,MIRRORED WALL ART GENTS,1,18/05/2021,2.55,34986
901,22376,AIRLINE BAG VINTAGE JET SET WHITE,1,19/05/2021,4.25,28845
902,22961,JAM MAKING SET PRINTED,1,20/05/2021,1.45,80046
903,21895,POTTING SHED SOW 'N' GROW SET,1,21/05/2021,4.25,98478
904,22468,BABUSHKA LIGHTS STRING OF 10,1,22/05/2021,6.75,39090
905,21034,REX CASH+CARRY JUMBO SHOPPER,1,23/05/2021,0.95,32948
906,22372,AIRLINE BAG VINTAGE WORLD CHAMPION ,1,24/05/2021,4.25,30901
907,22867,HAND WARMER BIRD DESIGN,1,25/05/2021,2.1,71864
908,22144,CHRISTMAS CRAFT LITTLE FRIENDS,1,26/05/2021,2.1,80057
909,21190,PINK HEARTS PAPER GARLAND,1,27/05/2021,1.65,24762
910,21894,POTTING SHED SEED ENVELOPES,3,28/05/2021,1.25,90302
911,70007,HI TEC ALPINE HAND WARMER,3,29/05/2021,1.65,75967
912,22940,FELTCRAFT CHRISTMAS FAIRY,1,30/05/2021,4.25,41154
913,70007,HI TEC ALPINE HAND WARMER,1,31/05/2021,1.65,78020
914,84347,ROTATING SILVER ANGELS T-LIGHT HLDR,3,01/06/2021,2.55,16581
915,22150,3 STRIPEY MICE FELTCRAFT,1,02/06/2021,1.95,47300
916,22149,FELTCRAFT 6 FLOWER FRIENDS,2,03/06/2021,2.1,75973
917,22144,CHRISTMAS CRAFT LITTLE FRIENDS,2,04/06/2021,2.1,90312
918,21622,VINTAGE UNION JACK CUSHION COVER,10,05/06/2021,4.95,14538
919,46000M,POLYESTER FILLER PAD 45x45cm,10,06/06/2021,1.55,26827
920,22630,DOLLY GIRL LUNCH BOX,2,07/06/2021,1.95,14542
921,22616,PACK OF 12 LONDON TISSUES ,12,08/06/2021,0.29,47311
922,22712,CARD DOLLY GIRL ,12,09/06/2021,0.42,49365
923,22983,CARD BILLBOARD FONT,12,10/06/2021,0.42,30939
924,22024,RAINY LADIES BIRTHDAY CARD,12,11/06/2021,0.42,28892
925,22113,GREY HEART HOT WATER BOTTLE,3,12/06/2021,3.75,92381
926,84029E,RED WOOLLY HOTTIE WHITE HEART.,2,13/06/2021,3.75,75998
927,21488,RED WHITE SCARF  HOT WATER BOTTLE,2,14/06/2021,3.95,14559
928,22900, SET 2 TEA TOWELS I LOVE LONDON ,7,15/06/2021,2.95,96480
929,22895,SET OF 2 TEA TOWELS APPLE AND PEARS,3,16/06/2021,2.95,24801
930,21035,SET/2 RED RETROSPOT TEA TOWELS ,3,17/06/2021,2.95,51425
931,21755,LOVE BUILDING BLOCK WORD,6,18/06/2021,5.95,78052
932,21754,HOME BUILDING BLOCK WORD,6,19/06/2021,5.95,94437
933,84879,ASSORTED COLOUR BIRD ORNAMENT,16,20/06/2021,1.69,96484
934,22784,LANTERN CREAM GAZEBO ,3,21/06/2021,4.95,16613
935,21441,BLUE BIRDHOUSE DECORATION,12,22/06/2021,0.85,82154
936,85123A,WHITE HANGING HEART T-LIGHT HOLDER,6,23/06/2021,2.95,67821
937,22423,REGENCY CAKESTAND 3 TIER,2,24/06/2021,12.75,30959
938,84947,ANTIQUE SILVER TEA GLASS ENGRAVED,72,25/06/2021,1.06,24818
939,21326,AGED GLASS SILVER T-LIGHT HOLDER,144,26/06/2021,0.55,26869
940,22960,JAM MAKING SET WITH JARS,-6,27/06/2021,4.25,69878
941,22865,HAND WARMER OWL DESIGN,36,28/06/2021,2.1,55542
942,22485,SET OF 2 WOODEN MARKET CRATES,4,29/06/2021,12.75,78072
943,22807,SET OF 6 T-LIGHTS TOADSTOOLS,6,30/06/2021,2.95,33016
944,22633,HAND WARMER UNION JACK,36,01/07/2021,2.1,67832
945,22866,HAND WARMER SCOTTY DOG DESIGN,36,02/07/2021,2.1,80122
946,21794,CLASSIC FRENCH STYLE BASKET NATURAL,1,03/07/2021,6.75,76029
947,20707,CRAZY DAISY HEART DECORATION,1,04/07/2021,1.25,24831
948,21175,GIN + TONIC DIET METAL SIGN,1,05/07/2021,2.1,41216
949,22926,IVORY GIANT GARDEN THERMOMETER,1,06/07/2021,5.95,33030
950,22588,CARD HOLDER GINGHAM HEART,2,07/07/2021,2.55,49415
951,21292,SMALL STRIPES CHOCOLATE GIFT BAG ,16,08/07/2021,0.85,67851
952,21890,S/6 WOODEN SKITTLES IN COTTON BAG,1,09/07/2021,2.95,90380
953,22632,HAND WARMER RED RETROSPOT,4,10/07/2021,2.1,88333
954,22633,HAND WARMER UNION JACK,3,11/07/2021,2.1,37134
955,22670,FRENCH WC SIGN BLUE METAL,1,12/07/2021,1.25,55565
956,21867,PINK UNION JACK  LUGGAGE TAG,1,13/07/2021,1.25,69899
957,22760,"TRAY, BREAKFAST IN BED",1,14/07/2021,12.75,67860
958,22107,PIZZA PLATE IN BOX,2,15/07/2021,3.75,55572
959,22470,HEART OF WICKER LARGE,1,16/07/2021,2.95,74007
960,21486,PINK HEART DOTS HOT WATER BOTTLE,1,17/07/2021,3.75,98583
961,22151,PLACE SETTING WHITE HEART,14,18/07/2021,0.42,67865
962,22643,SET OF 4 NAPKIN CHARMS LEAVES   ,4,19/07/2021,2.55,33050
963,22642,SET OF 4 NAPKIN CHARMS STARS   ,4,20/07/2021,2.55,67867
964,22604,SET OF 4 NAPKIN CHARMS CUTLERY,3,21/07/2021,2.55,94493
965,22099,CARAVAN SQUARE TISSUE BOX,2,22/07/2021,1.25,18721
966,22553,PLASTERS IN TIN SKULLS,1,23/07/2021,1.65,45347
967,22551,PLASTERS IN TIN SPACEBOY,1,24/07/2021,1.65,26916
968,22653,BUTTON BOX ,1,25/07/2021,1.95,55593
969,22557,PLASTERS IN TIN VINTAGE PAISLEY ,2,26/07/2021,1.65,94507
970,22906,12 MESSAGE CARDS WITH ENVELOPES,6,27/07/2021,1.65,47406
971,22754,SMALL RED BABUSHKA NOTEBOOK ,1,28/07/2021,0.85,92469
972,22938,CUPCAKE LACE PAPER SET 6,5,29/07/2021,1.95,47414
973,22812,PACK 3 BOXES CHRISTMAS PANNETONE,3,30/07/2021,1.95,69943
974,22919,HERB MARKER MINT,2,31/07/2021,0.65,88379
975,22917,HERB MARKER ROSEMARY,1,01/08/2021,0.65,71997
976,22920,HERB MARKER BASIL,3,02/08/2021,0.65,63806
977,22921,HERB MARKER CHIVES ,2,03/08/2021,0.65,61759
978,22918,HERB MARKER PARSLEY,2,04/08/2021,0.65,90433
979,22916,HERB MARKER THYME,1,05/08/2021,0.65,31042
980,85123A,WHITE HANGING HEART T-LIGHT HOLDER,3,06/08/2021,2.95,26947
981,22575,METAL MERRY CHRISTMAS WREATH,1,07/08/2021,1.95,10563
982,21804,WHITE CHRISTMAS GARLAND STARS TREES,3,08/08/2021,3.75,24901
983,21584,RETROSPOT SMALL TUBE MATCHES,12,09/08/2021,1.65,43334
984,21588,RETROSPOT GIANT TUBE MATCHES,3,10/08/2021,2.55,43335
985,22152,PLACE SETTING WHITE STAR,12,11/08/2021,0.42,84295
986,22441,GROW YOUR OWN BASIL IN ENAMEL MUG,1,12/08/2021,2.1,94535
987,22955,36 FOIL STAR CAKE CASES ,2,13/08/2021,2.1,41292
988,22956,36 FOIL HEART CAKE CASES,2,14/08/2021,2.1,84302
989,22582,PACK OF 6 SWEETIE GIFT BOXES,2,15/08/2021,2.55,65870
990,22583,PACK OF 6 HANDBAG GIFT BOXES,3,16/08/2021,2.55,69971
991,22241,GARLAND WOODEN HAPPY EASTER,2,17/08/2021,1.25,92499
992,22904,CALENDAR PAPER CUT DESIGN,3,18/08/2021,2.95,65877
993,22905,CALENDAR IN SEASON DESIGN,2,19/08/2021,2.95,16725
994,22197,SMALL POPCORN HOLDER,3,20/08/2021,0.85,59733
995,22092,BLUE PAISLEY TISSUE BOX,1,21/08/2021,1.25,94548
996,22469,HEART OF WICKER SMALL,1,22/08/2021,1.65,41300
997,22100,SKULLS SQUARE TISSUE BOX,1,23/08/2021,1.25,96603
998,22096,PINK PAISLEY SQUARE TISSUE BOX ,1,24/08/2021,1.25,39268
999,22583,PACK OF 6 HANDBAG GIFT BOXES,1,25/08/2021,2.55,57706
1000,21358,TOAST ITS - HAPPY BIRTHDAY,2,26/08/2021,1.25,16748
,,,,,,
,,,,,,
,,,,,,
,,,,,,
,,,,,,
,,,,,,
,,,,,,
,,,,,,
,,,,,,
,,,,,,
,,,,,,
,,,,,,
,,,,,,
,,,,,,
,,,,,,
,,,,,,
,,,,,,
,,,,,,
,,,,,,
,,,,,,
,,,,,,
,,,,,,
,,,,,,
,,,,,,
,,,,,,
,,,,,,
,,,,,,
,,,,,,
,,,,,,
,,,,,,
,,,,,,
,,,,,,
,,,,,,
,,,,,,
,,,,,,
,,,,,,
,,,,,,
,,,,,,
,,,,,,
,,,,,,
,,,,,,
,,,,,,
,,,,,,
,,,,,,
,,,,,,
,,,,,,
,,,,,,
,,,,,,
,,,,,,
,,,,,,
,,,,,,
,,,,,,
,,,,,,
,,,,,,
,,,,,,
,,,,,,
,,,,,,
,,,,,,
,,,,,,
,,,,,,
,,,,,,
,,,,,,
,,,,,,
,,,,,,
,,,,,,
,,,,,,
,,,,,,
,,,,,,
,,,,,,
,,,,,,
,,,,,,
,,,,,,
,,,,,,
,,,,,,
,,,,,,
,,,,,,
,,,,,,
,,,,,,
,,,,,,
,,,,,,
,,,,,,
,,,,,,
,,,,,,
,,,,,,
,,,,,,
,,,,,,
,,,,,,
,,,,,,
,,,,,,
,,,,,,
,,,,,,
,,,,,,
,,,,,,
,,,,,,
,,,,,,
,,,,,,
,,,,,,
,,,,,,
,,,,,,
,,,,,,
,,,,,,
,,,,,,
,,,,,,
,,,,,,
,,,,,,
,,,,,,
,,,,,,
,,,,,,
,,,,,,
,,,,,,
,,,,,,
,,,,,,
,,,,,,
,,,,,,
,,,,,,
,,,,,,
,,,,,,
,,,,,,
,,,,,,
,,,,,,
,,,,,,
,,,,,,
,,,,,,
,,,,,,
,,,,,,
,,,,,,
,,,,,,
,,,,,,
,,,,,,
,,,,,,
,,,,,,
,,,,,,
,,,,,,
,,,,,,
,,,,,,
,,,,,,
,,,,,,
,,,,,,
,,,,,,
,,,,,,
,,,,,,
,,,,,,
,,,,,,
,,,,,,
,,,,,,
,,,,,,
,,,,,,
,,,,,,
,,,,,,
,,,,,,
,,,,,,
,,,,,,
,,,,,,
,,,,,,
,,,,,,
,,,,,,
,,,,,,
,,,,,,
,,,,,,
,,,,,,
,,,,,,
,,,,,,
,,,,,,
,,,,,,
,,,,,,
,,,,,,
,,,,,,
,,,,,,
,,,,,,
,,,,,,
,,,,,,
,,,,,,
,,,,,,
,,,,,,
,,,,,,
,,,,,,
,,,,,,
,,,,,,
,,,,,,
,,,,,,
,,,,,,
,,,,,,
,,,,,,
,,,,,,
,,,,,,
,,,,,,
,,,,,,
,,,,,,
,,,,,,
,,,,,,
,,,,,,
,,,,,,
,,,,,,
,,,,,,
,,,,,,
,,,,,,
,,,,,,
,,,,,,
,,,,,,
,,,,,,
,,,,,,
,,,,,,
,,,,,,
,,,,,,
,,,,,,
,,,,,,
,,,,,,
,,,,,,
,,,,,,
,,,,,,
,,,,,,
,,,,,,
,,,,,,
,,,,,,
,,,,,,
,,,,,,
,,,,,,
,,,,,,
,,,,,,
,,,,,,
,,,,,,
,,,,,,
,,,,,,
,,,,,,
,,,,,,
,,,,,,
,,,,,,
,,,,,,
,,,,,,
,,,,,,
,,,,,,
,,,,,,
,,,,,,
,,,,,,
,,,,,,
,,,,,,
,,,,,,
,,,,,,
,,,,,,
,,,,,,
,,,,,,
,,,,,,
,,,,,,
,,,,,,
,,,,,,
,,,,,,
,,,,,,
,,,,,,
,,,,,,
,,,,,,
,,,,,,
,,,,,,
,,,,,,
,,,,,,
,,,,,,
,,,,,,
,,,,,,
,,,,,,
,,,,,,
,,,,,,
,,,,,,
,,,,,,
,,,,,,
,,,,,,
,,,,,,
,,,,,,
,,,,,,
,,,,,,
,,,,,,
,,,,,,
,,,,,,
,,,,,,
,,,,,,
,,,,,,
,,,,,,
,,,,,,
,,,,,,
,,,,,,
,,,,,,
,,,,,,
,,,,,,
,,,,,,
,,,,,,
,,,,,,
,,,,,,
,,,,,,
,,,,,,
,,,,,,
,,,,,,
,,,,,,
,,,,,,
,,,,,,
,,,,,,
,,,,,,
,,,,,,
,,,,,,
,,,,,,
,,,,,,
,,,,,,
,,,,,,
,,,,,,
,,,,,,
,,,,,,
,,,,,,
,,,,,,
,,,,,,
,,,,,,
,,,,,,
,,,,,,
,,,,,,
,,,,,,
,,,,,,
,,,,,,
,,,,,,
,,,,,,
,,,,,,
,,,,,,
,,,,,,
,,,,,,
,,,,,,
,,,,,,
,,,,,,
,,,,,,
,,,,,,
,,,,,,
,,,,,,
,,,,,,
,,,,,,
,,,,,,
,,,,,,
,,,,,,
,,,,,,
,,,,,,
,,,,,,
,,,,,,
,,,,,,
,,,,,,
,,,,,,
,,,,,,
,,,,,,
,,,,,,
,,,,,,
,,,,,,
,,,,,,
,,,,,,
,,,,,,
,,,,,,
,,,,,,
,,,,,,
,,,,,,
,,,,,,
,,,,,,
,,,,,,
,,,,,,
,,,,,,
,,,,,,
,,,,,,
,,,,,,
,,,,,,
,,,,,,
,,,,,,
,,,,,,
,,,,,,
,,,,,,
,,,,,,
,,,,,,
,,,,,,
,,,,,,
,,,,,,
,,,,,,
,,,,,,
,,,,,,
,,,,,,
,,,,,,
,,,,,,
,,,,,,
,,,,,,
,,,,,,
,,,,,,
,,,,,,
,,,,,,
,,,,,,
,,,,,,
,,,,,,
,,,,,,
,,,,,,
,,,,,,
,,,,,,
,,,,,,
,,,,,,
,,,,,,
,,,,,,
,,,,,,
,,,,,,
,,,,,,
,,,,,,
,,,,,,
,,,,,,
,,,,,,
,,,,,,
,,,,,,
,,,,,,
,,,,,,
,,,,,,
,,,,,,
,,,,,,
,,,,,,
,,,,,,
,,,,,,
,,,,,,
,,,,,,
,,,,,,
,,,,,,
,,,,,,
,,,,,,
,,,,,,
,,,,,,
,,,,,,
,,,,,,
,,,,,,
,,,,,,
,,,,,,
,,,,,,
,,,,,,
,,,,,,
,,,,,,
,,,,,,
,,,,,,
,,,,,,
,,,,,,
,,,,,,
,,,,,,
,,,,,,
,,,,,,
,,,,,,
,,,,,,
,,,,,,
,,,,,,
,,,,,,
,,,,,,
,,,,,,
,,,,,,
,,,,,,
,,,,,,
,,,,,,
,,,,,,
,,,,,,
,,,,,,
,,,,,,
,,,,,,
,,,,,,
,,,,,,
,,,,,,
,,,,,,
,,,,,,
,,,,,,
,,,,,,
,,,,,,
,,,,,,
,,,,,,
,,,,,,
,,,,,,
,,,,,,
,,,,,,
,,,,,,
,,,,,,
,,,,,,
,,,,,,
,,,,,,
,,,,,,
,,,,,,
,,,,,,
,,,,,,
,,,,,,
,,,,,,
,,,,,,
,,,,,,
,,,,,,
,,,,,,
,,,,,,
,,,,,,
,,,,,,
,,,,,,
,,,,,,
,,,,,,
,,,,,,
,,,,,,
,,,,,,
,,,,,,
,,,,,,
,,,,,,
,,,,,,
,,,,,,
,,,,,,
,,,,,,
,,,,,,
,,,,,,
,,,,,,
,,,,,,
,,,,,,
,,,,,,
,,,,,,
,,,,,,
,,,,,,
,,,,,,
,,,,,,
,,,,,,
,,,,,,
,,,,,,
,,,,,,
,,,,,,
,,,,,,
,,,,,,
,,,,,,
,,,,,,
,,,,,,
,,,,,,
,,,,,,
,,,,,,
,,,,,,
,,,,,,
,,,,,,
,,,,,,
,,,,,,
,,,,,,
,,,,,,
,,,,,,
,,,,,,
,,,,,,
,,,,,,
,,,,,,
,,,,,,
,,,,,,
,,,,,,
,,,,,,
,,,,,,
,,,,,,
,,,,,,
,,,,,,
,,,,,,
,,,,,,
,,,,,,
,,,,,,
,,,,,,
,,,,,,
,,,,,,
,,,,,,
,,,,,,
,,,,,,
,,,,,,
,,,,,,
,,,,,,
,,,,,,
,,,,,,
,,,,,,
,,,,,,
,,,,,,
,,,,,,
,,,,,,
,,,,,,
,,,,,,
,,,,,,
,,,,,,
,,,,,,
,,,,,,
,,,,,,
,,,,,,
,,,,,,
,,,,,,
,,,,,,
,,,,,,
,,,,,,
,,,,,,
,,,,,,
,,,,,,
,,,,,,
,,,,,,
,,,,,,
,,,,,,
,,,,,,
,,,,,,
,,,,,,
,,,,,,
,,,,,,
,,,,,,
,,,,,,
,,,,,,
,,,,,,
,,,,,,
,,,,,,
,,,,,,
,,,,,,
,,,,,,
,,,,,,
,,,,,,
,,,,,,
,,,,,,
,,,,,,
,,,,,,
,,,,,,
,,,,,,
,,,,,,
,,,,,,
,,,,,,
,,,,,,
,,,,,,
,,,,,,
,,,,,,
,,,,,,
,,,,,,
,,,,,,
,,,,,,
,,,,,,
,,,,,,
,,,,,,
,,,,,,
,,,,,,
,,,,,,
,,,,,,
,,,,,,
,,,,,,
,,,,,,
,,,,,,
,,,,,,
,,,,,,
,,,,,,
,,,,,,
,,,,,,
